lotto,exhibitor_id,azienda,paese,evento,hall,stand,sito,segmento,score,priorita,perche_si,perche_no
1,500136,Moim Global Sdn Bhd,MALAYSIA,Cosmoprof Asia (HKCEC),Hall 1E,1E-U1F,bettura.co,S1,84,A,Già produce in Italia con botanici e claim clinico: il modello Verel esatto; target Cina/APAC premium.,"Probabile start-up monoprodotto, taglia molto piccola; ha già un terzista italiano."
1,499761,Aesthetics Skincare Pty Ltd,AUSTRALIA,Cosmoprof Asia (HKCEC),Hall 5G,5G-K3M,https://www.aestheticsrx.com.au/,S1,82,A,"Brand owner indipendente, fondato nel 2014, premium biotech e ingredient-led. Profilo quasi identico a quello del cliente ideale Verel, con apertura verso UK e Singapore.","Taglia ignota, forse piccola. 'Australian-made' fa pensare a un contoterzista locale già in essere. L'Asia oggi pesa poco."
1,512618,Deardot.,KOREA,Cosmoprof Asia (HKCEC),Hall 1E,1E-E7C,,S1,82,A,"Hero ingredient botanico con storytelling scientifico, profilo molto vicino a Verel; piani di espansione in UE.","Formato anidro in fogli idrosolubili: tecnologia di nicchia, forse non producibile da Verel. Taglia probabilmente piccola."
1,500233,AXXZIA Inc.,JAPAN,Cosmoprof Asia (HKCEC),Hall 1E,1E-C2A,http://axxzia.co.jp/,S1,76,A,"Taglia in fascia (~80 M€), premium, fortemente esposta all'Asia, multi-brand con lanci frequenti.",Quotata e in difficoltà (perdita 2026); possibile produzione interna via Uitt Laboratories; forte identità 'made in Japan'.
1,507813,"Banobagi Co., Ltd.",KOREA,Cosmoprof Asia (HKCEC),Hall 1E,1E-A1A,http://en.banobagicosmetic.com,S1,74,A,"Brand owner derma in crescita, 26 paesi, taglia in fascia [Inferenza], skin+sun core, spinta APAC.",Parte di un gruppo clinico; ricavi totali non pubblici; ecosistema OEM coreano già forte.
1,509389,Benton Inc.,KOREA,Cosmoprof Asia (HKCEC),Hall 1E,1E-Z1A,https://www.bentoncosmetic.com,S1,74,A,"Brand clean skincare/solari affermato, con export globale e 30 persone: struttura snella, compatibile con l'outsourcing.",Fascia media; forte identità K-beauty; fatturato non pubblico; possibile componente produttiva interna.
1,504400,erty.,KOREA,Cosmoprof Asia (HKCEC),Hall 5G,5G-G2C,http://ertykorea.com/,S1,74,A,"Brand owner con produzione esterna. Derma clinico e premium, cioè categoria core.","Microazienda (6 persone, fondata nel 2019), quindi volumi bassi. Export poco documentato."
1,509394,FIORESE,KOREA,Cosmoprof Asia (HKCEC),Hall 1E,1E-L6C,https://en.fiorese.co.kr/,S1,74,A,"Skincare derma core con solari, in fase di espansione internazionale attiva.",Brand piccolo (8 referenze); ruolo produttivo di Damoa non chiarito; fascia media; taglia ignota.
1,500232,INOPRO,USA,Cosmoprof Asia (HKCEC),Hall 1E,1E-J3C,https://inopro.us/,S1,74,A,"Oral care è una categoria core, il brand cresce in fretta nella GDO USA (Kroger, Sprouts) e ha avviato l'export nel 2025.",Fornitore e taglia ignoti. Forte concorrenza sul prezzo delle strisce Amazon. I gusti fanno pensare a produzione asiatica [Speculazione].
1,504428,"JK Cos Co., Ltd.",KOREA,Cosmoprof Asia (HKCEC),Hall 1E,1E-T4A,https://en.ecobecosmetics.com/,S1,74,A,"Brand skincare vegan in crescita export, fiere EU (Bologna) e nuovi distributori: cerca differenziazione.",Ecosistema ODM coreano molto competitivo sul prezzo; produzione e taglia non verificate.
1,511905,OMEXYA,BULGARIA,Cosmoprof Asia (HKCEC),Hall 1E,1E-F5A7,www.omexya.com,S1,74,A,"Brand botanico export (DACH, Cina) su skincare core, produzione non integrata dichiarata.","Taglia ignota, fascia prezzo media; in Bulgaria abbondano terzisti locali sulla rosa."
1,504406,SOONNOC,KOREA,Cosmoprof Asia (HKCEC),Hall 3G,3G-K3H,https://vivelab.shop/,S1,74,A,"Haircare core, produzione dichiaratamente affidata a partner, posizionamento botanico/ingredient-led e target Europa-Italia.","Entità legale, fatturato e dipendenti non verificati; possibile micro-azienda [Inferenza]."
1,504404,"The Skin's Co., Ltd.",KOREA,Cosmoprof Asia (HKCEC),Hall 1E,1E-R5D,https://ndend.co.kr/,S1,74,A,Brand skincare/sun con linee multiple e proiezione estera.,Dati di taglia e produzione assenti; ecosistema ODM coreano competitivo.
1,501592,TMC Korea,KOREA,Cosmoprof Asia (HKCEC),Hall 1E,1E-R4F,www.11huesday.com,S1,74,A,"Derma ingredient-led su categorie core, alla ricerca di export in fiera.","Micro-azienda (ditta individuale), export non provato."
1,509414,Derma Factory,KOREA,Cosmoprof Asia (HKCEC),Hall 1E,1E-N6A,,S1,74,A,"Brand K-beauty ingredient-led a formula 'attivo singolo', facile da replicare in conto terzi.","Ricerca non conclusa: società madre, taglia e indipendenza da verificare. Posizionamento value."
1,508895,"From B Lab Co., Ltd.",KOREA,Cosmoprof Asia (HKCEC),Hall 1E,1E-E1J,,S1,74,A,Skincare core con solari e ampia distribuzione export sulle piattaforme K-beauty.,"Fascia di prezzo bassa, poco compatibile con i costi made in Italy. Taglia, proprietà e produzione non verificate."
1,509938,inyoe,KOREA,Cosmoprof Asia (HKCEC),Hall 1E,1E-E6E,,S1,74,A,"Skincare core, vegan e ingredient-led, già venduta cross-border.","Ragione sociale, taglia e produzione sconosciute; score basato su valori medi 'ignoti'. Il sito ufficiale non è stato trovato."
1,505416,"KISOCARE.CO.,LTD.",JAPAN,Cosmoprof Asia (HKCEC),Hall 1E,1E-B5D,,S1,74,A,"Skincare core ingredient-led, probabilmente già in outsourcing, forte vendita cross-border.",Modello low price e claim 'made in Japan' poco compatibili con il costo Italia; idrochinone 8% ai limiti del farmaco.
1,511389,Lalarecipe Inc,KOREA,Cosmoprof Asia (HKCEC),Hall 1E,1E-E2A,,S1,74,A,"Skincare vegan core, già sui retailer cross-border.",Presenza molto ridotta (2 SKU); sito ufficiale e ragione sociale non verificati; probabile micro-brand [Inferenza].
1,503568,Dr. med. Christine Schrammek Kosmetik,GERMANY,Cosmoprof Asia (HKCEC),Hall 1E,1E-M2E,http://www.schrammek.com,S1,72,A,"Familiare e indipendente, premium clinico, 60+ paesi, nessuna fabbrica dichiarata.",Canale soprattutto professionale; fatturato ignoto; possibile produzione interna non esclusa.
1,512597,"FICC Co., Ltd.",KOREA,Cosmoprof Asia (HKCEC),Hall 1E,1E-E6G,www.arocell.co.kr,S1,72,A,"Brand in forte crescita (76 dipendenti), con finanziamento Serie B e senza fabbrica. Già orientato all'export.",Finanziato da fondi VC. Il canale Daiso spinge verso il mass. L'immagine 'staminali' è lontana dal botanico. Fatturato non trovato.
1,508149,Trew Lip Care,FRANCE,Cosmoprof Asia (HKCEC),Hall 1E,1E-F2H,,S1,72,A,L'oral care (dentifricio) è core. Brand clean e vegano con canale all'ingrosso.,"Gamma prevalentemente labbra, cioè categoria mista. Probabile micro-azienda. Formule anidre facili da produrre in proprio [Speculazione]."
1,500912,Breathe B International,KOREA,Cosmoprof Asia (HKCEC),Hall 1E,1E-L2A,https://nardcare.co.kr/,S1,71,A,"Brand owner indipendente, taglia 47 M€ con fonte, categorie core hair/skin/oral; nessuna fabbrica propria dichiarata.",Posizionamento più profumazione/lifestyle che attivi clinici; margini bassi; export e modello produttivo non verificati.
1,501589,"C&C Co., Ltd",KOREA,Cosmoprof Asia (HKCEC),Hall 1E,1E-Z6B,http://www.cleancleaner.co.kr,S1,71,A,"Oral care core, categoria rara in fiera e coperta da Verel.",Nessun dato verificato: il sito non è raggiungibile e taglia e produzione sono ignote. Canale solo domestico.
1,505439,IUVER,SPAIN,Cosmoprof Asia (HKCEC),Hall 1E,1E-D3F,,S1,71,A,"Dermocosmetica clinica ad alta concentrazione, venduta in farmacia, con fondatrici medico e farmacista: posizionamento affine a Verel.",Il cuore dell'attività è la clinica. Brand con ogni probabilità piccolo [Inferenza]. Export non verificato.
1,509659,Elroel,KOREA,Cosmoprof Asia (HKCEC),Hall 1E,1E-C1A,www.elroelglobal.com,S1,68,B,"Brand owner in taglia, già presente in Italia e internazionale; sun care come ponte verso skincare.","Gamma trainata da makeup (cushion, stick); skincare secondaria; posizionamento commerciale, non ingredient-led."
1,508141,Rocambole Paris,FRANCE,Cosmoprof Asia (HKCEC),Hall 1E,1E-F3J,,S1,67,B,Brand owner clean e bio con produzione esterna e posizionamento premium.,"Gamma di 4 prodotti, quasi solo corpo e bambini. Micro-brand con volumi bassi, e ha già un produttore francese."
1,509926,"Colorcode Co., Ltd",KOREA,Cosmoprof Asia (HKCEC),Hall 1E,1E-E6D,www.terrazen.co.kr,S1,66,B,"Derma-skincare con claim clinici, affine al valore della validazione Parma.",Si dichiara produttore su tradekorea: se ha uno stabilimento proprio va esclusa. Taglia ignota.
1,500832,Human Resource Communications Ltd.,JAPAN,Cosmoprof Asia (HKCEC),Hall 1E,1E-C6A,http://www.augustya.co.jp,S1,66,B,"Brand cleansing noto, venduto anche all'estero su Amazon e YesStyle. Include una piccola linea haircare.","Gruppo ibrido (cosmetici, spa, panetteria). Posizionamento medio, fatturato ignoto, gamma stretta e molto giapponese."
1,500665,Kohonjin Republic,KOREA,Cosmoprof Asia (HKCEC),Hall 1E,1E-N2C,http://www.kohonjinrepublic.com/en/index.html,S1,66,B,"Prestige ingredient-led con prodotto solare, già esportato in USA ed Europa. Azienda piccola e indipendente.",Iscritta come produttore di cosmetici: potrebbe produrre in proprio. Con 23 dipendenti la taglia sembra piccola [Inferenza].
1,500360,M.A. Dermaceuticals,USA,Cosmoprof Asia (HKCEC),Hall 1E,1E-J5C,http://www.mad-skincare.com,S1,66,B,Brand owner clinico con 10 dipendenti: quasi certamente produce esternamente [Inferenza]; skincare+sun core.,Taglia al limite dei 5 M€ (stima); canale professionale; presenza estera non documentata.
1,508147,KADALYS,FRANCE,Cosmoprof Asia (HKCEC),Hall 1E,1E-F3G,,S1,65,B,"Brand premium ingredient-led con brevetti propri, fondatrice indipendente, export verso gli USA.","Segnali di micro-azienda (poche persone, dati finanziari assenti); il claim 'Made in France' è centrale e incompatibile con produzione in Italia."
1,500821,Barrier Glow,KOREA,Cosmoprof Asia (HKCEC),Hall 5G,5G-G1C,www.barrierglow.com,S1,64,B,"Derma skincare+sun, canale clinico, fit con validazione clinica Verel.","Azienda giovane [Inferenza], taglia ed export ignoti; integratori nel mix."
1,503575,Zeitschild Skin Aesthetics,GERMANY,Cosmoprof Asia (HKCEC),Hall 1E,1E-M2B,,S1,64,B,"Skincare premium clean/tech, fit perfetto di posizionamento con Verel.","Tecnologia brevettata vincola la produzione; taglia ignota, probabile piccola; export non documentato."
1,505446,Bella Aurora Labs,SPAIN,Cosmoprof Asia (HKCEC),Hall 1E,1E-D4C,https://bellaaurora.com/en/?_gl=1*lt10qq*_gcl_au*MTc1OTY5ODkyMy4xNzg3NzQ4NTI4*_ga*NzMzMTkwNTAyLjE3Nz,S1,62,B,"Skincare+sun ingredient-led, taglia in fascia, export; categorie perfettamente allineate.",240 dipendenti e storia di laboratorio: probabile produzione interna (concorrente/non cliente); fatturato solo stimato.
1,508130,Gaspard Cottance Paris,FRANCE,Cosmoprof Asia (HKCEC),Hall 1E,1E-F3H1,https://gaspardcottance.com/,S1,62,B,"Brand luxury ingredient-led che fa produrre a terzi, compatibile con un terzista premium.","Micro-struttura (0 dipendenti, capitale 10 k€); probabilmente sotto 5 M€; claim di produzione francese e bretone."
1,499448,Hoi Wan Trading Company Limited,"Hong Kong,S.A.R.,China",Cosmoprof Asia (HKCEC),Hall 3E,3E-B5B,https://www.cristaderm-skincare.com/,S1,62,B,"Skincare ingredient-led con tecnologia esosomi, fit tecnico con attivi botanici Verel.","Proprietà del brand opaca, segnali di micro-azienda (solo Shopify HK), canale salone; possibile solo distributore."
1,500971,Beaumonde Global Limited,"Hong Kong,S.A.R.,China",Cosmoprof Asia (HKCEC),Hall 3E,3E-C5C,http://www.skinneed.com,S1,61,B,"Posizionamento clean e personalizzato, premium e ingredient-led.","Un solo negozio a Hong Kong, con servizi facciali. Confeziona in proprio. Nessun export visibile. Taglia piccola [Inferenza]."
1,508894,"SELFYCOSLAB Co., Ltd.",KOREA,Cosmoprof Asia (HKCEC),Hall 1E,1E-E3C,https://selfycoslab.com/,S1,61,B,Espone skincare retail e indie; il nome 'lab' suggerisce un'impostazione tecnica.,Nulla di verificato; include il makeup; il nome 'COSLAB' potrebbe indicare un'attività OEM [Speculazione].
1,500438,Revcell,KOREA,Cosmoprof Asia (HKCEC),Hall 1E,1E-P6G,http://revcell.co.kr/,S1,61,B,Skincare lifting con export attivo e ufficio internazionale dedicato.,Mix con i device (esclusi dalla rubrica); cosmetici di fascia media; taglia e produzione ignote.
2,508917,KIKIGLOW,KOREA,Cosmoprof Asia (HKCEC),Hall 1E,1E-E4F,www.kikiglow.com,S1,60,B,"Skincare core vegan con sun care, espansione export attiva e riconoscimenti di prodotto.","Entità legale, taglia e produttore non verificabili; brevetto proprio su idrogel potrebbe indicare filiera produttiva propria [Speculazione]."
2,499755,Liudo Studio Limited,"Hong Kong,S.A.R.,China",Cosmoprof Asia (HKCEC),Hall 1E,1E-H3B,www.thepreface.hk,S1,60,B,"Profilo pre-classificato: brand indie HK con gamma viso/corpo/capelli, taglia compatibile con conto terzi.",Nessun dato verificabile: probabile micro-azienda solo locale.
2,509416,Glamfox,KOREA,Cosmoprof Asia (HKCEC),Hall 1E,1E-N6E,,S1,60,B,Brand skincare con export multi-paese; fondato nel 2002 secondo un rivenditore.,Nessuna fonte primaria; posizionamento economico; possibile marchio da export per trading house [Speculazione].
2,507810,Bella Aura Skincare,CANADA,Cosmoprof Asia (HKCEC),Hall 1E,1E-L3A2,www.bellaaura.ca,S1,59,B,"skin longevity, biotech + botanici","premium ingredient-led, indipendente | declassata A→B: 2 dipendenti su Apollo, nessun fatturato"
2,500074,Epigeneva AG,SWITZERLAND,Cosmoprof Asia (HKCEC),Hall 1E,1E-N3A7,www.epigeneva.com,S1,59,B,scienza + natura selvatica,"luxury ingredient-led, indipendente | declassata A→B: 2 dipendenti su Apollo, nessun fatturato"
2,500076,EVENSWISS Beauty AG,SWITZERLAND,Cosmoprof Asia (HKCEC),Hall 1E,1E-N3A5,www.evenswiss.com,S1,59,B,"40 anni di ricerca, 20+ brevetti","tech/ingredient-led | declassata A→B: 6 dipendenti su Apollo, nessun fatturato"
2,507814,Luna Nectar,CANADA,Cosmoprof Asia (HKCEC),Hall 1E,1E-L3A4,www.lunanectar.com,S1,59,B,"adattogeni, waterless, sostenibile","haircare ingredient-led, indipendente | declassata A→B: 1 dipendenti su Apollo, nessun fatturato"
2,499539,MAKEMAKE Inc.,KOREA,Cosmoprof Asia (HKCEC),Hall 1E,1E-R6D,https://sooo.kr,S1,59,B,premium ispirato all'acqua,"haircare/body premium, indipendente | declassata A→B: 1 dipendenti su Apollo, nessun fatturato"
2,500412,Nilessences,FRANCE,Cosmoprof Asia (HKCEC),Hall 1E,1E-C3B,www.nilessences.fr,S1,59,B,"high-end francese, scienza anti-aging","premium ingredient-led | declassata A→B: 1 dipendenti su Apollo, nessun fatturato"
2,508125,Onerique Skincare,FRANCE,Cosmoprof Asia (HKCEC),Hall 1E,1E-F3B,https://fr.onerique.com/,S1,59,B,"gruppo di brand francesi, clean e sensoriale","premium clean, multi-brand indipendente | declassata A→B: 5 dipendenti su Apollo, nessun fatturato"
2,501097,Singapore Girl Cosmetics Pte. Ltd.,SINGAPORE,Cosmoprof Asia (HKCEC),Hall 1E,1E-Q5E,www.singapore-girl.com,S1,59,B,"Concept originale su skin+hair+sun, piano di linee per nuovi climi: servirà un formulatore.","Formati bustina a prezzo basso, probabile start-up; poco coerente col premium made in Italy."
2,499805,Treeannsea,KOREA,Cosmoprof Asia (HKCEC),Hall 1E,1E-R6C,www.treeannsea.com,S1,59,B,clean premium da ingredienti di ambienti estremi,"profilo clean Miamo-like, indipendente | declassata A→B: 1 dipendenti su Apollo, nessun fatturato"
2,500703,asap Skin Products,AUSTRALIA,Cosmoprof Asia (HKCEC),Hall 3E,3E-Q5A,http://www.asapskinproducts.com/,S1,58,B,"cosmeceutico n.1 in Australia (autodichiarato), 25 anni","fit ingredient-led, canale soprattutto professionale"
2,509436,behanique,KOREA,Cosmoprof Asia (HKCEC),Hall 1E,1E-K6H,www.behanique.com,S1,58,B,skincare e haircare di ispirazione wellness,skin + hair wellness in categorie core; fatturato n.d. [riclassificata]
2,500533,Biovene Cosmetics S.L.,SPAIN,Cosmoprof Asia (HKCEC),Hall 1E,1E-L5D,https://www.biovenebarcelona.com/,S1,58,B,"TikTok-driven, patch e skincare","B2C core, trend-driven"
2,499679,"Crown Craft Commercial Co., Limited","Hong Kong,S.A.R.,China",Cosmoprof Asia (HKCEC),Hall 1E,1E-D6G,http://www.dreamskin.com.hk,S1,58,B,brand proprio 100% made in Korea,brand owner che compra produzione conto terzi; posizionamento mass
2,499527,Dr.F5,KOREA,Cosmoprof Asia (HKCEC),Hall 1E,1E-N5C,https://dr-f5.com/,S1,58,B,K-beauty brands,skincare B2C; fatturato n.d. [riclassificata]
2,499674,Dr.PaceLeader,KOREA,Cosmoprof Asia (HKCEC),Hall 1E,1E-Z5B,http://www.drpaceleader.co.kr,S1,58,B,cosmeceutici dal 2015,cosmeceutici dal 2015; fatturato n.d. [riclassificata]
2,501429,"Gibest Co.,Ltd",KOREA,Cosmoprof Asia (HKCEC),Hall 1E,1E-R3A,www.ninetails-cos.co,S1,58,B,cosmetico funzionale R&D,cosmetico funzionale R&D; fatturato n.d. [riclassificata]
2,499913,Glow Mansion,KOREA,Cosmoprof Asia (HKCEC),Hall 3E,3E-Q9A,https://glowmansion.co.kr/,S1,58,B,high-performance K-beauty multi-categoria,high-performance multi-categoria; fatturato n.d. [riclassificata]
2,509931,HARAMOON,KOREA,Cosmoprof Asia (HKCEC),Hall 1E,1E-G6F,www.haramoon.co.kr,S1,58,B,barrier care pelle sensibile,barrier care coerente; fatturato n.d. [riclassificata]
2,504253,HOMENSALON,KOREA,Cosmoprof Asia (HKCEC),Hall 3G,3G-K3B,leviemer.com,S1,58,B,"sviluppo, branding e export",haircare B2C
2,501151,I’ll Global,KOREA,Cosmoprof Asia (HKCEC),Hall 1E,1E-A2A,http://www.illglobal.com,S1,58,B,Brand dermo premium con export in 23 paesi e forte presenza APAC; secondo brand DERGENES giovane in sviluppo.,Canale prevalentemente clinico/professionale; possibile produzione propria (classificazione 'produzione'); taglia non documentata.
2,501047,"Karmarts Public Co., Ltd",THAILAND,Cosmoprof Asia (HKCEC),Hall 1E,1E-G1D,http://www.karmarts.co.th,S1,58,B,"quotata, portafoglio brand FMCG",multi-brand in espansione; verificare taglia (possibile oltre 100 M€) | fatturato in fascia secondo Apollo
2,505411,KUORA,SPAIN,Cosmoprof Asia (HKCEC),Hall 1E,1E-D3C,www.kuora.com,S1,58,B,"Brand ingredient-led, clinico/dermatologico, indipendente; potenziale per validazione scientifica e ampliamento gamma.","Ha già un proprio laboratorio R&D interno: produzione propria, non necessariamente esternalizzata [Inferenza]."
2,502744,May's Development Limited,"Hong Kong,S.A.R.,China",Cosmoprof Asia (HKCEC),Hall 1E,1E-A3B,http://www.mays.com.hk,S2-D,58,B,distributore con 35 anni di rappresentanza di brand internazionali,"distributore HK con portafoglio skincare/sun/men, possibile private label"
2,500180,MKA Fumi Pte Ltd,SINGAPORE,Cosmoprof Asia (HKCEC),Hall 1E,1E-Q5F,www.yukazan.com,S2-D,58,B,distribuisce brand internazionali e propri in SEA (parte di MKA Joycare Sdn Bhd),distributore SEA con brand propri: possibile produzione conto terzi
2,509233,Nature Spell (UK),UK,Cosmoprof Asia (HKCEC),Hall 3G,3G-G3C,naturespell.co.uk,S1,58,B,"scalp-first, accessibile","haircare B2C, posizionamento accessibile"
2,508897,"Powerful-X Co., Ltd.",KOREA,Cosmoprof Asia (HKCEC),Hall 1E,1E-E4A,www.powerfulx.com,S1,58,B,Recovery Cream 30 M USD cumulati in 3 anni (autodichiarato),body care performance in taglia plausibile
2,500146,Sinoz Kozmetik San. Tic. A.S.,TÜRKİYE,Cosmoprof Asia (HKCEC),Hall 1E,1E-F1B,www.sinoz.com.tr/,S1,58,B,"R&D locale, brand globale","B2C core, fuori APAC"
2,499462,Tweeny Skin,AUSTRALIA,Cosmoprof Asia (HKCEC),Hall 5G,5G-K3D,www.tweenyskin.com,S1,58,B,per 7-15 anni,"nicchia teen, B2C"
2,508144,Valcena,FRANCE,Cosmoprof Asia (HKCEC),Hall 1E,1E-F2A,www.valcena.com,S1,58,B,scienza e piacere,mix integratori
2,508920,VeraCos Inc.,KOREA,Cosmoprof Asia (HKCEC),Hall 1E,1E-E4E,www.rajeunir.co.kr,S1,58,B,"Skincare premium ingredient-led senza fabbrica, con distribuzione internazionale già avviata.",9 dipendenti: fatturato probabilmente <5 M€ [Inferenza]; formule basate su attivi commodity.
2,509390,W.SKIN LABORATORY,KOREA,Cosmoprof Asia (HKCEC),Hall 1E,1E-K6J,https://www.w-skinlab.com/,S1,58,B,dermo-cosmetici dal 2012,B2C core multi-categoria
2,505111,Anubis Cosmetics Group,SPAIN,Cosmoprof Asia (HKCEC),Hall 3E,3E-F1A,,S1,58,B,"Brand cosmetica professionale spagnolo con presenza multi-paese (Poland, USA); potenziale per linee custom.","Gruppo consolidato con propria storia produttiva; possibile produzione interna consolidata, minore necessità di conto terzi."
2,501437,Dr.SANTE,KOREA,Cosmoprof Asia (HKCEC),Hall 1E,1E-R4A,,S1,58,B,"Brand affermato con export multi-paese (Giappone, USA) e posizionamento premium/clinico.",[Inferenza]: taglia e struttura produttiva non verificate; rischio di essere gruppo consolidato.
2,505432,GORCAM,SPAIN,Cosmoprof Asia (HKCEC),Hall 1E,1E-D4D,www.gorcamexports.com,S2-D,58,B,"Distributore spagnolo (Beauty Cluster) che esporta brand terzi e ha marchio proprio (""Gold Tree""); profilo private label.",Copertura APAC e scala non verificate; principalmente focus export EU/USA.
2,500284,Sarah K Professional,BRAZIL,Cosmoprof Asia (HKCEC),Hall 3G,3G-H3B,https://sarahk.com.br/,S1,58,B,Haircare core con export multi-paese.,"Canale salone; posizionamento prezzo; core sui trattamenti lisci/keratina, lontano dal botanico clinico; sito irraggiungibile."
2,499807,"ALLPAIR CO., LTD.",JAPAN,Cosmoprof Asia (HKCEC),Hall 1E,1E-B3F,www.allpair-jp.com,S1,56,B,Brand anti-age premium con produzione probabilmente affidata a terzi e ambizioni estere (espone a Hong Kong).,"Fondata ad aprile 2023, mix di cosmetici, integratori e servizi; canale estetico professionale; taglia ignota."
2,505691,"ANJU JAPAN Co., Ltd.",JAPAN,Cosmoprof Asia (HKCEC),Hall 1E,1E-B5L,https://anjujp.co.jp/en/,S1,56,B,Japan Quality per famiglia,"B2C core, posizionamento da verificare"
3,499615,"Guangzhou Intercontinental Compass Technology Co., Ltd.‌",CHINA,Cosmoprof Asia (HKCEC),Hall 1E,1E-F6D,www.ckabeauty.com,S1,56,B,"brand scientifico per pelle grassa, 30 M consumatori (autodichiarato)",brand B2C core; taglia da verificare (possibile sopra soglia)
3,499788,MY.ORGANICS,ITALY,Cosmoprof Asia (HKCEC),Hall 3G,3G-G3B,www.myorganics.com,S1,56,B,haircare professionale organico,haircare ingredient-led; verificare produzione
3,511075,"OU International Co., Ltd.",KOREA,Cosmoprof Asia (HKCEC),Hall 1E,1E-M6A,https://onedaysyou.com/,S1,56,B,brand K-beauty in distribuzione globale,B2C core; taglia da verificare
3,500181,Repit,KOREA,Cosmoprof Asia (HKCEC),Hall 3G,3G-G1A,www.repit.co.kr,S1,56,B,brand haircare specializzato,"haircare B2C/salone, taglia da verificare"
3,501182,Cocco Hair Professional,USA,Cosmoprof Asia (HKCEC),Hall 3G,3G-H2C,http://www.coccohairpro.com,S1,56,B,Brand USA di haircare professionale per saloni; possibile buyer di formulazioni custom.,"Canale salone professionale, non retail B2C diretto; posizionamento e taglia non verificati."
3,511385,"VoraBula International Beauty & Spa Co., Ltd",THAILAND,Cosmoprof Asia (HKCEC),,TBC,,S1,56,B,"Brand thailandese spa/organic body care con sito proprio ed export B2B (Freshdi), canale spa/professionale.",
3,511077,"A-Plus Supply Co., Ltd.",THAILAND,Cosmoprof Asia (HKCEC),,TBC,www.abonnebeauty.com,S1,55,B,Body care + solari con presenza regionale ASEAN.,Mass/economico thailandese: prezzo incompatibile con made in Italy; modello e taglia ignoti.
3,500804,Fraser Research Labs. Inc.,CANADA,Cosmoprof Asia (HKCEC),Hall 1E,1E-J2B,www.soaddicted.com,S1,55,B,"Brand premium attivo dal 1999, produzione esterna probabile, export multi-paese e interesse Asia.","Core su sieri ciglia/labbra e mascara, non skin/hair core; sede Canada ma produzione USA; taglia ignota."
3,505428,Nuggela & Sule,SPAIN,Cosmoprof Asia (HKCEC),Hall 1E,1E-D4B,,S1,55,B,[Inferenza da conoscenza generale] Nuggela & Sule è un brand spagnolo di haircare (trattamenti/anticaduta) distribuito anche in farmacia/profumeria.,Non è stato possibile confermare con fonti web in questa sessione (budget ricerca esaurito): dato da [Inferenza].
3,500535,Prohall Professional,BRAZIL,Cosmoprof Asia (HKCEC),Hall 3G,3G-E3B,,S1,55,B,"[Inferenza da conoscenza generale] Prohall è un brand brasiliano di haircare per saloni (trattamenti/cheratina), simile ad altri brand professionali brasiliani.",Non confermato con fonte web in questa sessione (budget ricerca esaurito); canale professionale riduce priorità secondo rubrica.
3,505449,BRScience,BRAZIL,Cosmoprof Asia (HKCEC),Hall 3G,3G-K1A3,https://brscience.com.br/,S1,54,B,haircare pro ad alte prestazioni per saloni e retailer,"haircare performance, canale pro"
3,500152,Cheery Cosmetic (Group) Limited,"Hong Kong,S.A.R.,China",Cosmoprof Asia (HKCEC),Hall 3E,3E-C7C,http://www.laurene.com.hk,S1,54,B,brand HK prodotto da laboratori francesi,brand owner che già compra conto terzi in Europa; canale pro
3,501005,Wakan,KOREA,Cosmoprof Asia (HKCEC),Hall 3G,3G-J3B,https://www.wakan.co.kr/,S1,54,B,6.500 saloni partner in Corea,"haircare affermato, canale saloni"
3,500941,Organica J Ltd,UK,Cosmoprof Asia (HKCEC),Hall 1E,1E-B1D,https://organicaj.co.uk/,S1,54,B,Brand scozzese/UK di skincare organica indipendente; possibile crescita con supporto produttivo esterno.,"Micro-impresa artigianale, produce probabilmente in proprio piccoli lotti; taglia molto ridotta."
3,511092,Lindsay & Cos Inc.,KOREA,Cosmoprof Asia (HKCEC),Hall 1E,1E-E4G,https://lindsaycos.com,S1,52,B,"Leader di categoria in Korea (modeling pack), presenza export tramite tradeKorea; potenziale cliente per linee complementari.","Sito tradeKorea suggerisce che l'azienda è anche manifatturiera/esportatrice diretta, non solo brand [Inferenza]; produzione probabilmente interna."
3,511908,Bulgarian Rose PLC,BULGARIA,Cosmoprof Asia (HKCEC),Hall 1E,1E-F5A3,www.bulgarianrose.bg,S1,52,B,"Brand storico bulgaro a base di rosa, export verso UK/EU; potenziale ampliamento gamma skincare.",Possibile produzione interna consolidata (rosa/oli propri); focus naturale/tradizionale non ingredient-tech.
3,499816,Corelix Pty Ltd,AUSTRALIA,Cosmoprof Asia (HKCEC),Hall 1E,1E-H1A2,www.beausta.co.kr,S1,52,B,Brand K-beauty con export multi-paese consolidato su retailer internazionali specializzati.,[Inferenza]: legame societario Corelix-Beausta e produzione (propria o esterna) non confermati.
3,499879,Summit Performance S.L.,SPAIN,Cosmoprof Asia (HKCEC),Hall 1E,1E-F3K,www.usucosmetics.com,S1,51,B,brand spagnolo formulato e prodotto in Corea,"compra già produzione conto terzi; dermo B2C | declassata A→B: 9 dipendenti su Apollo, nessun fatturato"
3,499664,Celebon,KOREA,Cosmoprof Asia (HKCEC),Hall 5G,5G-G2A,http://www.celebon.co.kr/,S1,50,B,"Skincare tech/efficacia, maschere, fit di categoria.",Possibile OEM/ODM (concorrente) da verificare; focus domestico; taglia ignota.
3,511383,"Sanchill Baby Co., Ltd.",THAILAND,Cosmoprof Asia (HKCEC),,TBC,https://www.chilldybabe.com,S1,50,B,"Brand skincare bambino ingredient-led (erbe thailandesi + botanici), indipendente, canale distributori locali: profilo compatibile con private label esterna.","Distribuzione ancora prevalentemente domestica (Thailandia) [Inferenza]; taglia non nota, probabile micro/piccola impresa."
3,509664,Engitein Inc.,KOREA,Cosmoprof Asia (HKCEC),Hall 3E,3E-Q9D,https://dermatuneng.imweb.me/,S1,45,C,"Brand skincare clinico-dermo, senza fabbrica, alla ricerca di distributori esteri: profilo che compra formulazione e produzione.","Startup costituita nel 2024, 7 dipendenti: fatturato quasi certamente <5 M€ [Inferenza]; volumi minimi bassi."
3,508911,"SKIN SOLUTION Co.,Ltd",KOREA,Cosmoprof Asia (HKCEC),Hall 1E,1E-E2D,,S1,45,C,Nome e sito (skinsolution.co.kr) confermano brand skincare coreano attivo.,"Taglia, posizionamento e indipendenza non verificati."
3,504251,Alteya Organics LLC,BULGARIA,Cosmoprof Asia (HKCEC),Hall 1E,1E-L3D,https://alteyaorganics.com/,S1,44,C,distillazione propria di rosa bulgara bio certificata USDA,"filiera propria di estratti, cosmetico probabilmente terzista [Inferenza] | fatturato in fascia secondo Apollo"
3,501581,By The Quality,KOREA,Cosmoprof Asia (HKCEC),Hall 1E,1E-R4B,https://www.bythequality.com/en,S1,42,C,dermocosmetico per cliniche estetiche,"canale clinico, taglia ignota"
3,508877,CELIM BIOTECH,KOREA,Cosmoprof Asia (HKCEC),Hall 1E,1E-E4K,www.atomu.co.kr,S1,42,C,"estratti naturali e fermentazione, brand ATOMU",ingredient-led ma probabile produttore di estratti
3,511087,"Crenature Co., Ltd.",KOREA,Cosmoprof Asia (HKCEC),Hall 1E,1E-R2C,www.awe-beauty.co.kr,S1,42,C,venture di bio-materiali naturali (2020),sun care bonus ma profilo più ingrediente che brand
3,499833,"GN BIOSOLUTION Co., Ltd",KOREA,Cosmoprof Asia (HKCEC),Hall 5G,5G-K3L,http://gnbiosolution.com,S1,42,C,beauty technology,taglia ignota
3,500459,"Hangzhou Qiandao Lake Capital Luxuriant Commodity Co., Ltd.",CHINA,Cosmopack Asia (AWE),Hall 8,8-B25,www.eliancare.com,S1,42,C,"naturale, estratti vegetali del lago Qiandao","brand cinese dal 2012, focus naturale: fit ingredient-led, ma taglia e produzione ignote; espone a Cosmopack [Inferenza: offre anche conto terzi]"
3,500865,Konxept Limited,"Hong Kong,S.A.R.,China",Cosmoprof Asia (HKCEC),,TBC,https://www.ladim.com.hk/,S2-D,42,C,distributore esclusivo e grossista,distributore HK di brand premium
3,499474,"LABIO Co., Ltd.",KOREA,Cosmoprof Asia (HKCEC),Hall 1E,1E-G4H,https://www.labiocosmetic.com,S1,42,C,"tecnologia microbica, ingredienti",più fornitore ingredienti che brand
3,505708,"Otsu Medical Skin Center Co., Ltd.",JAPAN,Cosmoprof Asia (HKCEC),Hall 1E,1E-B6D,https://www.o-labo.com/,S1,42,C,gruppo di cliniche dermatologiche,brand di clinica
3,500886,"Rootonix Co., Ltd",KOREA,Cosmoprof Asia (HKCEC),Hall 1E,1E-P6D,www.rootonix.kr,S1,42,C,"Portafoglio hair/scalp e skincare premium, 30+ SKU, focus APAC.",Core in parte su device; circa 10 dipendenti; taglia verosimilmente piccola [Inferenza].
3,512763,"Bstarlit Co., Ltd.",KOREA,Cosmoprof Asia (HKCEC),Hall 1E,1E-E7E,,S1,42,C,Brand proprio skincare esposto in fiere B2C/B2B coreane; potenziale buyer conto terzi.,"[Non verificato]: produzione propria o esterna, taglia e posizionamento non chiari."
3,507834,Cactus Circle Co. Pty Ltd,AUSTRALIA,Cosmoprof Asia (HKCEC),Hall 5G,5G-K3E,www.cactuscircleco.com,S1,42,C,"Ingredient-led botanico, affine agli attivi Verel.","5 SKU, micro-azienda, probabilmente sotto i 5 M€; le fonti precedenti confondevano un altro brand (cactusskincare.com, Sydney)."
3,511085,Raon Global Inc.,KOREA,Cosmoprof Asia (HKCEC),Hall 1E,1E-M6D,,S1,42,C,,"[Non verificato]: nessuna fonte affidabile specifica trovata; nome comune, risultati confusi con altre aziende coreane."
3,499836,"Saero Hands Co., Ltd.",KOREA,Cosmoprof Asia (HKCEC),Hall 1E,1E-K3D,,S1,42,C,,[Non verificato]: risultati di ricerca confusi con azienda omonima diversa (Saerom Cosmetics); nessuna fonte specifica trovata.
3,511392,"Sawane (Thailand) Co., Ltd.",THAILAND,Cosmoprof Asia (HKCEC),,TBC,,S1,42,C,,"[Non verificato]: trovato solo profilo Instagram, nessun dettaglio su prodotti o modello di business."
3,511377,Siam Natural Product Company Limited,THAILAND,Cosmoprof Asia (HKCEC),,TBC,,S1,42,C,,"[Non verificato]: risultati generici/ambigui (confusi con Siam Lee Cosmetics), nessuna fonte specifica sull'azienda."
3,511579,SIROK Inc.,JAPAN,Cosmoprof Asia (HKCEC),Hall 1E,1E-T1C,,S1,42,C,,"[Non verificato]: unico risultato è un'azienda omonima di tech/media, non cosmetica; nessuna fonte specifica trovata."
3,511581,"Smart Cosme Co., Ltd.",JAPAN,Cosmoprof Asia (HKCEC),Hall 1E,1E-T2B,,S1,42,C,,"[Non verificato]: nessuna fonte specifica; suffisso 'Cosme' ricorrente tra piccoli OEM giapponesi, non confermato."
4,512621,"Sooanatural.Co.,Ltd",KOREA,Cosmoprof Asia (HKCEC),Hall 1E,1E-E7A,,S1,42,C,,"[Non verificato]: presenza solo su piattaforma wholesale coreana (wholekorea.com), nessun sito ufficiale trovato."
4,511369,Trinicell,KOREA,Cosmoprof Asia (HKCEC),Hall 1E,1E-E2C,,S1,42,C,Brand confermato in vendita su rivenditori K-beauty (Stylekorean); possibile buyer conto terzi.,"Taglia, posizionamento e indipendenza non verificati."
4,512836,two tigers Corp.,KOREA,Cosmoprof Asia (HKCEC),Hall 1E,1E-E6J,,S1,42,C,,[Non verificato]: nessuna fonte trovata per questa ragione sociale.
4,505709,"ultowa Co.,Ltd",JAPAN,Cosmoprof Asia (HKCEC),Hall 1E,1E-B6A,,S1,42,C,,[Non verificato]: nessuna fonte trovata per questa ragione sociale.
4,506328,Venture Cosme Inc.,JAPAN,Cosmoprof Asia (HKCEC),Hall 1E,1E-B5K,,S1,42,C,,"[Non verificato]: nessuna fonte specifica; suffisso 'Cosme' ricorrente tra piccoli OEM giapponesi, non confermato."
4,500808,Yes Sales Inc,USA,Cosmoprof Asia (HKCEC),Hall 1E,1E-J5A,,S1,42,C,,[Non verificato]: nessuna fonte trovata (ricerca non completata per limite di budget di ricerca web).
4,512611,"Zivon Cosmetic Co., Ltd",KOREA,Cosmoprof Asia (HKCEC),Hall 1E,1E-E6L,,S1,42,C,,[Non verificato]: nessuna fonte trovata (ricerca non completata per limite di budget di ricerca web).
4,500354,Zola EU Sp.z o.o.,POLAND,Cosmoprof Asia (HKCEC),Hall 1E,1E-L4D,,S1,42,C,,[Non verificato]: nessuna fonte trovata (ricerca non completata per limite di budget di ricerca web).
4,499850,"Alllion Company Co., Ltd.",KOREA,Cosmoprof Asia (HKCEC),Hall 1E,1E-G6A,www.mifarsoul.com,S1,40,C,si descrive come piattaforma full-service derma-medical,"modello ibrido brand/piattaforma, da chiarire"
4,501172,Billion Great Global Limited,"Hong Kong,S.A.R.,China",Cosmoprof Asia (HKCEC),Hall 1E,1E-B7C,www.bingo-cosmetic.com,S2-D,40,C,trading di skincare biotech,"trading house, modello da chiarire"
4,501585,"Biopt Co., Ltd.",KOREA,Cosmoprof Asia (HKCEC),Hall 1E,1E-R2G,www.venderma.com,S1,40,C,sviluppo e distribuzione derma-cosmetici,"brand derma, modello e taglia da verificare"
4,499823,Lifetech Group Limited,"Hong Kong,S.A.R.,China",Cosmoprof Asia (HKCEC),Hall 5G,5G-F1B,www.lifetechhk.com,S1,40,C,wellness science-led,modello da chiarire
4,509380,EHAD,KOREA,Cosmoprof Asia (HKCEC),Hall 1E,1E-K6B,,S1,40,C,Brand K-beauty con almeno un canale export confermato fuori Corea.,"[Non verificato]: produzione, taglia e posizionamento non confermati; export limitato a poche fonti."
4,500068,Audacis d.o.o.,CROATIA,Cosmoprof Asia (HKCEC),Hall 1E,1E-K4B,https://xwhitesmile.com/,S1,39,C,"oral beauty UK, sbiancamento non-perossido testato clinicamente","oral care core; posizionamento beauty/whitening | declassata B→C: 1 dipendenti su Apollo, nessun fatturato"
4,500237,"Izavell Co., Ltd.",JAPAN,Cosmoprof Asia (HKCEC),Hall 1E,1E-B2A,http://www.izavell.com/en/,S1,39,C,ingredienti giapponesi premium,"premium ingredient-led, mix makeup | declassata B→C: 0 dipendenti su Apollo, nessun fatturato"
4,504403,LaCorium Health Australia Pty Ltd,AUSTRALIA,Cosmoprof Asia (HKCEC),Hall 5G,5G-K3C,https://dermaltherapy.com.au/,S1,39,C,skincare dermatologica accessibile in farmacia,"categoria core ma posizionamento accessibile | declassata B→C: 0 dipendenti su Apollo, nessun fatturato"
4,501113,NUNA Beauty Lab Inc,KOREA,Cosmoprof Asia (HKCEC),Hall 1E,1E-N5A,https://nunabeautylab.com,S1,39,C,"clean, ingredienti naturali","clean ingredient-led, mix makeup | declassata B→C: 2 dipendenti su Apollo, nessun fatturato"
4,508907,"AHN&K Global Co., Ltd.",KOREA,Cosmoprof Asia (HKCEC),Hall 1E,1E-E4C,https://blancdiva.com/,S1,38,C,"brand giovane Gen Z, forte componente makeup",brand B2C ma mix makeup e taglia ignota
4,501085,"Aishitoto Co., Ltd",JAPAN,Cosmoprof Asia (HKCEC),Hall 1E,1E-B4E,https://aishitoto.co.jp/company/,S1,38,C,collagene jelly n.1,core business integratori
4,499673,All Pro Group Pty Limited,"Hong Kong,S.A.R.,China",Cosmoprof Asia (HKCEC),Hall 1E,1E-J6G,www.instagram.com/ingramsza,S2-D,38,C,"import, distribuzione e brand building per il mercato HK",distributore HK; dominio da trovare
4,506332,Alva Jade Enterprise Incorporat,USA,Cosmoprof Asia (HKCEC),Hall 1E,1E-J5F,https://citrusway.com/,S1,38,C,plant-based,nicchia mani/piedi
4,505443,Aquarius Cosmetic,SPAIN,Cosmoprof Asia (HKCEC),Hall 1E,1E-D4E,www.aquariuscosmetic.com,S1,38,C,"famiglia, 80 paesi","mass, probabile produzione propria"
4,500513,Beautyapollo Group Ltd.,"Hong Kong,S.A.R.,China",Cosmoprof Asia (HKCEC),Hall 5G,5G-F2A,www.beautyappollo.com,S2-D,38,C,wholesale e distribuzione internazionale verso retailer,probabile commercio parallelo di grandi marche
4,508914,"Bigbell Co., Ltd.",KOREA,Cosmoprof Asia (HKCEC),Hall 1E,1E-E1B,https://smartstore.naver.com/bellboystudio,S1,38,C,K-kids beauty,"nicchia kids, taglia ignota"
4,500780,Binly International Company Limited,"Hong Kong,S.A.R.,China",Cosmoprof Asia (HKCEC),Hall 1E,1E-L7F,https://binlyintl.com/,S2-D,38,C,wholesale e brand agency di marchi globali,prevalenza fragranze e commercio di brand noti
4,500696,BROSH,JAPAN,Cosmoprof Asia (HKCEC),Hall 3G,3G-D3A,brosh.jp,S1,38,C,pomade made in Japan,nicchia styling
4,504254,CK Regeon Inc.,KOREA,Cosmoprof Asia (HKCEC),Hall 3G,3G-K3J,https://dermaregeon.com/hairregeon,S1,38,C,"biofarmaceutica, haircare","haircare tecnico, taglia e modello ignoti"
4,499925,Cosmos Care Group Limited,"Hong Kong,S.A.R.,China",Cosmoprof Asia (HKCEC),Hall 3E,3E-B6H,https://www.neovita.hk/,S1,38,C,portafoglio brand + servizi di distribuzione,modello ibrido brand/distributore
4,505703,"CouleurLabo Co., Ltd.",JAPAN,Cosmoprof Asia (HKCEC),Hall 1E,1E-C5C,https://couleur-labo.co.jp/cp/official-en/,S1,38,C,device beauty e skincare,mix device
4,500866,Darong Beauty HK Limited,"Hong Kong,S.A.R.,China",Cosmopack Asia (AWE),Hall 8,8-B20,https://darong.com,S1,38,C,"brand skincare ""scientifico"", riparazione pelle","brand dal 1997 ma espone a Cosmopack e parla di ""full chain skincare solutions"": possibile anche OEM [Inferenza]; taglia ignota"
4,500773,DGS INVEST Sp. z o.o.,POLAND,Cosmoprof Asia (HKCEC),Hall 1E,1E-H6E,https://dgs-sylva.durable.site/,S1,38,C,n.d.,scheda vuota
4,500965,DoDream B&B Inc.,KOREA,Cosmoprof Asia (HKCEC),Hall 5G,5G-G2E,https://dodream2011.com/,S1,38,C,integratori e beauty,"mix integratori, fit debole"
4,501431,Dr. Bio & Teabless,KOREA,Cosmoprof Asia (HKCEC),Hall 1E,1E-R2A,https://corporationrok.tradekorea.com/main.do,S1,38,C,sviluppo e distribuzione skincare,taglia e modello ignoti
4,501020,Dr.esthe,KOREA,Cosmoprof Asia (HKCEC),Hall 3E,3E-L3A,https://dresthe.co.kr/,S1,38,C,brand pro co-sviluppato con 100 dermatologi,"canale pro, ma claim clinico forte"
4,507811,Estate Cosmetics,CANADA,Cosmoprof Asia (HKCEC),Hall 1E,1E-L3A3,www.estatecosmetics.com,S1,38,C,"trend-driven, prezzi accessibili","mix makeup, posizionamento accessibile"
4,500822,"EVIE KOREA Co., Ltd.",KOREA,Cosmoprof Asia (HKCEC),Hall 1E,1E-P6F,www.evie.kr,S1,38,C,prodotti naturali per la persona,taglia e modello ignoti
4,501425,fitneskin,KOREA,Cosmoprof Asia (HKCEC),Hall 1E,1E-T4D,https://fitneskin.com/,S1,38,C,brand fondato nel 2024,troppo giovane [Inferenza: sotto soglia]
4,500846,Free S Trade (HK) Company Limited,"Hong Kong,S.A.R.,China",Cosmoprof Asia (HKCEC),Hall 1E,1E-U1A,www.freestrade.com.hk,S2-D,38,C,"import, export e distribuzione brand FMCG in 8 settori",distributore multi-categoria
4,500005,Gateway (HK) Global Trading Company Limited,"Hong Kong,S.A.R.,China",Cosmoprof Asia (HKCEC),Hall 5G,5G-F1A,https://bubblebliss-biotech.com,S1,38,C,trading con partner produttivi ISO 22716,brand/trading bath & body con produzione esterna
4,501100,"Glory International Co., Ltd",JAPAN,Cosmoprof Asia (HKCEC),Hall 1E,1E-B4A,http://www.glory-web.com,S1,38,C,cosmetici e food,mix food
5,508925,Groupe Prosta S.A.,POLAND,Cosmoprof Asia (HKCEC),Hall 1E,1E-U1G,https://groupprosta.com,S1,38,C,oli essenziali + skincare,nicchia aroma
5,506021,"Guangzhou Space Yi Trading Co., Ltd.",CHINA,Cosmoprof Asia (HKCEC),Hall 1E,1E-R6H,www.yass-beauty.com,S1,38,C,"body care engineered, radici a Hong Kong","body care, mix makeup/fragranze"
5,499676,"Hangzhou Naxi Trading Co., Limited.",CHINA,Cosmoprof Asia (HKCEC),Hall 1E,1E-Q6A,https://linktr.ee/autobeautygroup,S2-D,38,C,entità cinese del gruppo Auto-Beauty (sede HK),dominio da trovare
5,500291,Hanmi Nutrition Inc.,KOREA,Cosmoprof Asia (HKCEC),Hall 5G,5G-H2A,www.hanminutrition.com,S1,38,C,health & nutrition da 60 anni,"fit debole, possibile gruppo"
5,509398,Hidehere,KOREA,Cosmoprof Asia (HKCEC),Hall 1E,1E-N6F,www.hidehere.kr,S1,38,C,brand globale in 40 paesi (autodichiarato),"presenza internazionale, taglia non verificata"
5,499493,"HK Rincica Medical Treatment Co., Limited","Hong Kong,S.A.R.,China",Cosmoprof Asia (HKCEC),Hall 1E,1E-N7G,newangance.com.hk,S1,38,C,brand nato a Parigi 2013,taglia e modello ignoti
5,500480,Hong Kong Osana International Trade Limited,"Hong Kong,S.A.R.,China",Cosmoprof Asia (HKCEC),Hall 3E,3E-C7E,http://www.hkosanagroup.com/,S1,38,C,brand problem skin,"posizionamento medical, taglia ignota"
5,500595,INGR Inc.,KOREA,Cosmoprof Asia (HKCEC),Hall 3E,3E-L5H1,www.ingr.kr,S1,38,C,green bio venture (2010),"profilo ingredient, canale pro"
5,500290,Isamogu Inc.,KOREA,Cosmoprof Asia (HKCEC),Hall 1E,1E-N5B,https://lactomedi.com/,S1,38,C,probiotici intimi D2C,"categoria intimate, non core"
5,508909,"J&G Cosmetics Co., Ltd",KOREA,Cosmoprof Asia (HKCEC),Hall 1E,1E-E5A,http://www.gsley.co.kr,S1,38,C,sviluppo brand da 17 anni,modello ambiguo (brand developer)
5,499936,Juvelab,UNITED ARAB EMIRATES,Cosmoprof Asia (HKCEC),Hall 1E,1E-P4C,https://www.premiercare.ae/,S1,38,C,Medio Oriente,fuori APAC
5,500573,KC Trading Company,"Hong Kong,S.A.R.,China",Cosmoprof Asia (HKCEC),Hall 3E,3E-D7H,www.bloomtide.co.kr,S1,38,C,brand company di Seoul fondata nel 2025,troppo giovane [Inferenza]
5,509384,Linkus Global,KOREA,Cosmoprof Asia (HKCEC),Hall 1E,1E-M6C,https://www.linkusglobal.kr/us,S1,38,C,beauty + medical aesthetics,mix pro/medical
5,499800,Most Wise International Limited,"Hong Kong,S.A.R.,China",Cosmoprof Asia (HKCEC),Hall 5G,5G-F1D,www.thesecretessence.com,S1,38,C,brand ayurvedico indiano,"fuori APAC core, taglia ignota"
5,500065,Otwoo Cosmetics Sdn Bhd,MALAYSIA,Cosmoprof Asia (HKCEC),Hall 1E,1E-P5C,www.skinever.com,S1,38,C,Brand con gamma ampia skin/body ed e-commerce internazionale.,"Posizionamento mass, gamma con makeup/profumi, possibile produzione propria; claim poco credibili."
5,507547,PETAL FOR KIDS,KOREA,Cosmoprof Asia (HKCEC),Hall 5G,5G-G1E,https://www.petalforkids.com/,S1,38,C,"3 brand, fondata 2024","giovane, nicchia kids"
5,499645,Pusan Florida Realty LLC,USA,Cosmoprof Asia (HKCEC),Hall 1E,1E-B1B,https://foxgo.my.canva.site/skin-care,S1,38,C,n.d.,dominio da trovare
5,508919,Rewind Lab,KOREA,Cosmoprof Asia (HKCEC),Hall 1E,1E-E1E,https://www.lylyl.us/,S1,38,C,skincare e device brevettati,mix device
5,499787,Safi Health & Beauty Co,KUWAIT,Cosmoprof Asia (HKCEC),Hall 1E,1E-B1A,www.houseofsoap.com,S1,38,C,artigianalità saponiera libanese,fuori APAC core
5,500997,"Shenzhen JRC Trade Development Co., Ltd.",CHINA,Cosmoprof Asia (HKCEC),Hall 1E,1E-Q7H,http://www.gdcpinternational.com/,S1,38,C,linea a prezzo accessibile,"posizionamento mass, modello trading"
5,500659,"Skindaum Co., Ltd",KOREA,Cosmoprof Asia (HKCEC),Hall 1E,1E-G4B,www.skindaum.com,S1,38,C,n.d.,scheda vuota
5,500903,Tai Wah Distributors Pte Ltd,SINGAPORE,Cosmoprof Asia (HKCEC),Hall 3G,3G-C3A,https://www.tuftintl.com,S2-D,38,C,"distributore storico (SG, MY, HK) di brand haircare",oggi focus su strumenti capelli
5,499999,Team-Work Professional Shop,"Hong Kong,S.A.R.,China",Cosmoprof Asia (HKCEC),Hall 1E,1E-D6E,www.teamworkproshop.com,S2-D,38,C,"wholesale, retail e OEM",piccolo operatore HK
5,510934,"Three Days Love Co., Ltd.",KOREA,Cosmoprof Asia (HKCEC),Hall 1E,1E-E3G,www.3dayslove.kr,S1,38,C,spicule brevettati,"profilo tecnologico, taglia ignota"
5,500636,TNS,KOREA,Cosmoprof Asia (HKCEC),Hall 1E,1E-R6A,https://tnsco.co.kr/,S1,38,C,cosmeceutici e device,mix device
5,509939,"Varol Labs Co., Ltd",KOREA,Cosmoprof Asia (HKCEC),Hall 1E,1E-E6A,https://varol.kr,S1,38,C,Ice Roll Serum,"mono-prodotto, giovane"
5,508884,Wha' Yunsul,KOREA,Cosmoprof Asia (HKCEC),Hall 1E,1E-F7B,www.en.whayunsul.com,S1,38,C,brand della CEO,"taglia ignota, mix makeup"
5,499545,"Yiri Co., Ltd.","TAIWAN,CHINA",Cosmoprof Asia (HKCEC),Hall 1E,1E-Q3E,www.yiri.com.tw,S1,38,C,lifestyle,nicchia lifestyle
5,509397,Young Cosmetic,KOREA,Cosmoprof Asia (HKCEC),Hall 1E,1E-M6F,https://www.presentskin.co.kr/,S1,38,C,trend-driven,"posizionamento trend, mix makeup"
5,508889,4ourskin,KOREA,Cosmoprof Asia (HKCEC),Hall 1E,1E-F7C,,S1,38,C,4OURSKIN risulta un fornitore coreano di skincare attivo su piattaforme wholesale B2B; potenziale prospect di piccola taglia.,"Descrizione assente nel dataset; profilo trovato online è generico (listing su marketplace wholesale), taglia e indipendenza non confermate [Non verificato]."
5,511366,"Bio-Woman Co.,Ltd.",THAILAND,Cosmoprof Asia (HKCEC),,TBC,,S1,38,C,Brand thailandese riconosciuto (Top Thai Brands); potenziale buyer conto terzi.,[Non verificato]: modello (produzione propria o outsourced) e categorie esatte non chiare.
5,505431,Dhyvana,SPAIN,Cosmoprof Asia (HKCEC),Hall 1E,1E-C4B,https://dhyvana.com/,S1,38,C,n.d.,scheda vuota
5,501593,"Mesopharm Co.,Ltd.",KOREA,Cosmoprof Asia (HKCEC),Hall 1E,1E-R3E,www.mesopharm.co.kr,S1,38,C,n.d.,scheda vuota
5,509434,OXYGEN CEUTICALS,KOREA,Cosmoprof Asia (HKCEC),Hall 3E,3E-M3A,,S1,38,C,Linea skincare (make-up/sun care) associata a un'azienda coreana; possibile brand da seguire.,"L'azienda madre (COIZ) sembra orientata a dispositivi medici per la pelle: rischio categoria device, non confermato come buyer conto terzi."
5,505452,"PAP Pas a pas Co.,Ltd",JAPAN,Cosmoprof Asia (HKCEC),Hall 1E,1E-B5C,https://www.hermosa-official.com/company/,S1,38,C,n.d.,scheda vuota
5,503576,Schlosswald-Bienengut Gmbh & Co. KG,GERMANY,Cosmoprof Asia (HKCEC),Hall 1E,1E-M2A,www.schlosswald-bienengut.de,S1,38,C,n.d.,"nicchia, scheda vuota"
5,501424,Sindo P&G,KOREA,Cosmoprof Asia (HKCEC),Hall 1E,1E-R1C,www.sindopng.com,S1,38,C,n.d.,scheda vuota
5,509945,The Rounded Co.,KOREA,Cosmoprof Asia (HKCEC),Hall 1E,1E-G6E,www.basedon.kr,S1,38,C,n.d.,scheda vuota
5,511910,YOGH | High-Performance Solid Beauty,BULGARIA,Cosmoprof Asia (HKCEC),Hall 1E,1E-F5A5,www.yoghcosmetics.com,S1,38,C,"Posizionamento clean distintivo, skin+hair.","Fatto a mano, probabile produzione artigianale propria; formato solido di nicchia; micro-brand."
5,499851,Ocean Cosmetics Ltd,KOREA,Cosmoprof Asia (HKCEC),Hall 5G,5G-G1A,vacuretreat.com,S1,37,C,premium treatment science-led,"premium; verificare taglia e produzione | declassata B→C: 4 dipendenti su Apollo, nessun fatturato"
6,508142,Une Olive En Provence,FRANCE,Cosmoprof Asia (HKCEC),Hall 1E,1E-F2D,https://www.uneoliveenprovence.com/fr/,S1,37,C,naturale all'olivo,"ingredient-led naturale, taglia da verificare | declassata B→C: 7 dipendenti su Apollo, nessun fatturato"
6,500396,"Bay Blue (Hongkong) Trading Co., Ltd","Hong Kong,S.A.R.,China",Cosmoprof Asia (HKCEC),Hall 1E,1E-B7G,http://bayblue.hk,S2-D,36,C,servizi di distribuzione per brand consumer,modello da chiarire
6,499890,"BEAUTECH Co,. Ltd.",JAPAN,Cosmoprof Asia (HKCEC),Hall 1E,1E-B3E,www.beau-tech.jp,S1,36,C,beauty + IT,modello da chiarire
6,506335,Beauty Choice Group Pty Ltd,AUSTRALIA,Cosmoprof Asia (HKCEC),Hall 1E,1E-H1A,https://www.beautychoicegr.com/,S1,36,C,impresa full-chain fondata 2024 (materie prime + distribuzione),"modello da chiarire, giovane"
6,500856,Chunyuan Cosmetics,CHINA,Cosmoprof Asia (HKCEC),Hall 1E,1E-K6A,http://chunyuan1995.com/,S1,36,C,"azienda dal 1995, lifestyle beauty","mix makeup, modello da chiarire"
6,500187,"Cosmetex Roland Co., Ltd",JAPAN,Cosmoprof Asia (HKCEC),Hall 1E,1E-Q1A,http://www.c-roland.co.jp,S1,36,C,dal 1978,modello da chiarire
6,501146,D-Nutrimec,CROATIA,Cosmoprof Asia (HKCEC),Hall 1E,1E-L5A,https://bonneheure.eu/,S1,36,C,n.d.,"scheda vuota, modello da chiarire"
6,500114,De En Agent Co. Limited,"Hong Kong,S.A.R.,China",Cosmoprof Asia (HKCEC),Hall 5G,5G-F1F,www.deena.hk,S2-D,36,C,supply chain per personal care e healthcare,verificare se rifornisce catene retail APAC
6,506341,Hair Corner (HK) Limited,"Hong Kong,S.A.R.,China",Cosmoprof Asia (HKCEC),Hall 3G,3G-B2F,www.hair-corner.com,S1,36,C,brand hair HK da 30 anni,modello da chiarire (salone/brand)
6,506330,"Hanajirushi Institute of Cosmetics, Inc.",JAPAN,Cosmoprof Asia (HKCEC),Hall 1E,1E-B6K,http://www.hanajirushi.co.jp,S1,36,C,dal 2008,modello da chiarire
6,500619,Hoyip International Trading (Hong Kong) Limited,"Hong Kong,S.A.R.,China",Cosmoprof Asia (HKCEC),Hall 5G,5G-F1E,www.hoyip.com,S2-D,36,C,fornitore cross-border,"cross-border, verificare private label"
6,501044,Indigo Beautie Company Limited,"Hong Kong,S.A.R.,China",Cosmoprof Asia (HKCEC),Hall 1E,1E-D6F,http://www.indigobeautie.com,S1,36,C,range saponi e cura corpo,modello da chiarire
6,501421,"Japan Health Co., Ltd.",JAPAN,Cosmoprof Asia (HKCEC),Hall 1E,1E-C5H,https://drluman.co/,S1,36,C,Clear-360 per brand/distributori,modello white label da chiarire
6,500709,Labnic Equipment Ltd,UK,Cosmoprof Asia (HKCEC),Hall 1E,1E-K4E,https://www.labnic-beauty.com,S1,36,C,n.d.,modello da chiarire
6,509935,"Leetek Life Co., Ltd.",KOREA,Cosmoprof Asia (HKCEC),Hall 1E,1E-E6B,https://www.leeteklife.com/,S1,36,C,export beauty e healthcare,"mix fragranze, modello da chiarire"
6,501578,Makari,USA,Cosmoprof Asia (HKCEC),Hall 1E,1E-F1C,https://shopmakari.com/,S1,36,C,n.d.,posizionamento da verificare
6,500902,New Megain Company Limited,"Hong Kong,S.A.R.,China",Cosmoprof Asia (HKCEC),Hall 1E,1E-N7C,https://japanhc.com.hk,S1,36,C,co-sviluppo con istituti giapponesi,modello da chiarire
6,508904,"Notaly Korea and Dodam Cosmetics Co.,Ltd.",KOREA,Cosmoprof Asia (HKCEC),Hall 1E,1E-E1H,https://notalykorea.com/,S1,36,C,expertise consulenza estetica,modello da chiarire
6,500047,Outlook Biotechnology L.L.C.,USA,Cosmoprof Asia (HKCEC),Hall 1E,1E-B1E,www.outlookboechnology.com,S1,36,C,95 paesi (autodichiarato),"dominio da verificare, modello da chiarire"
6,499644,PT Raja Impex,INDONESIA,Cosmoprof Asia (HKCEC),Hall 5G,5G-F2E,www.ptrajaimpex.com,S2-D,36,C,"sourcing e procurement, Jakarta",verificare se serve retail indonesiano
6,500828,Shine Biomedical Technology Corporation,"TAIWAN,CHINA",Cosmoprof Asia (HKCEC),Hall 1E,1E-Q3A,www.shinebiomedical.com/en,S1,36,C,JV 2023 Maxgut + Darwin Precision,"JV di gruppi industriali, modello da chiarire"
6,505408,"SOL Co., Ltd.",JAPAN,Cosmoprof Asia (HKCEC),Hall 1E,1E-B5J,https://b-no-sol.jp/,S1,36,C,e-commerce e distribuzione,modello da chiarire
6,508131,Somatoline,FRANCE,Cosmoprof Asia (HKCEC),Hall 1E,1E-F3C,https://www.somatolinecosmetic.fr/,S1,36,C,brand dal 1973,"possibile brand di gruppo italiano, da verificare"
6,500339,Sosolnet Technology Co.,"Hong Kong,S.A.R.,China",Cosmoprof Asia (HKCEC),Hall 3G,3G-C2B,www.ganumbeauty.com,S1,36,C,innovazione francese + produzione cinese,"haircare, modello da chiarire"
6,509435,"The Fortune Trading Co., Ltd.",KOREA,Cosmoprof Asia (HKCEC),Hall 3E,3E-M3D,https://pixelpure.com/,S1,36,C,brand shop nei duty free coreani,"modello retail/distribuzione, da chiarire"
6,500806,Venusky International Holdings Limited,"Hong Kong,S.A.R.,China",Cosmoprof Asia (HKCEC),Hall 1E,1E-H4C,www.top-asia.com.hk,S1,36,C,n.d.,modello da chiarire
6,500314,YF Trading Group Limited,"Hong Kong,S.A.R.,China",Cosmoprof Asia (HKCEC),Hall 1E,1E-G5C,https://www.starlette.co/,S1,36,C,n.d.,categoria da chiarire
6,500352,"Yiwu Xusheng Cosmetics Co., Ltd",CHINA,Cosmoprof Asia (HKCEC),Hall 5F,5F-E2A,www.mlsmile.com,S1,36,C,"brand proprio di colore temporaneo, R&D ed export","nicchia colore temporaneo, modello da chiarire"
6,504018,"Zeno Supply Chain Co., Ltd","Hong Kong,S.A.R.,China",Cosmoprof Asia (HKCEC),Hall 5G,5G-F2F,www.zenosc.com,S2-D,36,C,distribuzione FMCG dal 2015,"distributore FMCG, da verificare verso quali catene"
6,505706,ALMADO INC.,JAPAN,Cosmoprof Asia (HKCEC),Hall 1E,1E-B5M,https://en.www.almado.co.jp/,S1,35,C,ricerca proprietaria,"mix integratori | declassata B→C: 7 dipendenti su Apollo, nessun fatturato"
6,500275,Daycell Cosmetics,KOREA,Cosmoprof Asia (HKCEC),Hall 5G,5G-G1B,https://www.daycellglobal.com/,S1,35,C,cosmeceutico di derivazione farmaceutica,"cosmeceutico coerente; fatturato n.d. [riclassificata] | declassata B→C: 2 dipendenti su Apollo, nessun fatturato"
6,500147,"Firstmarket Co., Ltd.",KOREA,Cosmoprof Asia (HKCEC),Hall 1E,1E-P1C,www.kocostar.com,S1,35,C,maschere e skincare K-beauty,"maschere e skincare B2C; fatturato n.d. [riclassificata] | declassata B→C: 5 dipendenti su Apollo, nessun fatturato"
6,505430,Hx3 Happy Healthy Hair,SPAIN,Cosmoprof Asia (HKCEC),Hall 1E,1E-D4G,www.hx3hair.com,S1,35,C,4 formule treatment,"haircare B2C, giovane | declassata B→C: 0 dipendenti su Apollo, nessun fatturato"
6,508133,Remy Laure,FRANCE,Cosmoprof Asia (HKCEC),Hall 1E,1E-F3F,https://fr.remylaure.com/,S1,35,C,per estetiste dal 1971,"ingredient-led (fanghi), canale pro | declassata B→C: 1 dipendenti su Apollo, nessun fatturato"
6,499831,S.Y. System (TruffLuv),ISRAEL,Cosmoprof Asia (HKCEC),Hall 5F,5F-E3B,https://truffluv.com/,S1,35,C,luxury pro haircare,"haircare premium, canale pro | declassata B→C: 3 dipendenti su Apollo, nessun fatturato"
6,505442,Skinderma,SPAIN,Cosmoprof Asia (HKCEC),Hall 3E,3E-F1B,https://skindermacosmetics.es/,S2-D,35,C,Possibile piccolo brand/distributore spagnolo di cosmetica medicale; da approfondire in call.,"Descrizione nel dataset vuota ('spanish brand'); trovati online più soggetti simili (Skinderma Medical Cosmetics vs Skinderma Cosmetics), identità non confermata con certezza [Non verificato]."
6,510661,"BEAUTYPHARMACY GROUP CO., LTD.",KOREA,Cosmoprof Asia (HKCEC),Hall 5G,5G-K3G,,S2-D,35,C,"Possibile distributore/brand per canale farmacia, coerente con S2-D.",[Non verificato]: nessuna fonte diretta trovata su attivita e canali reali.
6,500195,Belinic,KOREA,Cosmoprof Asia (HKCEC),Hall 3E,3E-Q12D,https://belinic.com/,S1,34,C,brand professionale di derivazione medical,"canale professionale, non retail B2C"
6,500545,CELL29,KOREA,Cosmoprof Asia (HKCEC),Hall 3E,3E-P2C1,https://cell29.com/,S1,34,C,barrier/collagene per canale pro,canale professionale
6,499488,CelliconLab Inc.,KOREA,Cosmopack Asia (AWE),Hall 8,8-C10,http://www.celliconlab.com,S1,34,C,"kit lifting con tecnologia brevettata Dermishuttle, export in 14 paesi","brand tecnologico con brevetto proprio e registrazioni CPNP/NMPA/MoCRA; interesse per attivi performance, ma tecnologia di delivery già proprietaria e probabile produzione interna [Inferenza]"
7,503570,Climate,GERMANY,Cosmoprof Asia (HKCEC),Hall 1E,1E-M3D,https://mave-cosmetics.eu,S1,34,C,cosmetica professionale e strumenti,canale pro
7,504424,CLMEDISYS,KOREA,Cosmoprof Asia (HKCEC),Hall 1E,1E-R1B,www.clmedisys.com,S1,34,C,skincare professionale,"canale pro, taglia ignota"
7,500736,Cosmoderma Inc,KOREA,Cosmoprof Asia (HKCEC),Hall 3E,3E-L3F,www.cosmoderma.kr,S1,34,C,"R&D beauty care (2020), canale pro","canale pro, taglia ignota"
7,500390,DERMATHOD,KOREA,Cosmoprof Asia (HKCEC),Hall 3E,3E-E3B,www.dermathod.com,S1,34,C,skincare professionale,canale pro
7,500392,Dermica Laboratoires,SWITZERLAND,Cosmoprof Asia (HKCEC),Hall 3E,3E-J2C,http://www.dermica.ch,S1,34,C,20 anni,"mix device, canale pro"
7,499767,Dr.Novamedi & DULO,KOREA,Cosmoprof Asia (HKCEC),Hall 3E,3E-J4C,https://novamedikorea.com/,S1,34,C,K-beauty di derivazione medica,canale pro
7,500248,Fantastic Jy Plt,MALAYSIA,Cosmoprof Asia (HKCEC),Hall 3G,3G-J3C,https://www.fantastic.my,S1,34,C,"Esporta a retailer USA (Walmart, TJ Max, Ross); potenziale buyer di produzione conto terzi.","Micro-azienda mass-market, categoria mista con accessori/tools (esclusi da rubrica)."
7,499776,Grands International (Asia) Company Limited,"Hong Kong,S.A.R.,China",Cosmoprof Asia (HKCEC),Hall 3E,3E-D5B,https://www.pelle-perfetta.com/,S1,34,C,pro per salute femminile,canale pro
7,500759,H&M International (HK) Company Limited,"Hong Kong,S.A.R.,China",Cosmoprof Asia (HKCEC),Hall 3E,3E-F6J,https://www.vitalmallhk.com/,S2-D,34,C,distribuisce trattamenti beauty made in Italy in HK,"canale pro, ma già compra made in Italy"
7,505437,Heber Farma / Isseimi/ Glacee,SPAIN,Cosmoprof Asia (HKCEC),Hall 3E,3E-F1C,http://www.isseimi.es,S1,34,C,peptidi e proteine,canale pro
7,505441,Innovatis Exceptional,SPAIN,Cosmoprof Asia (HKCEC),Hall 3G,3G-H1A,https://innovatisworld.com/,S1,34,C,high cosmetic,canale pro
7,512590,"Irecosmetic Co., Ltd",KOREA,Cosmoprof Asia (HKCEC),Hall 3E,3E-Q11C,www.irecosmetic.co.kr,S1,34,C,brand per centri estetici,canale pro
7,501055,J.C.T. International Limited,"Hong Kong,S.A.R.,China",Cosmoprof Asia (HKCEC),Hall 3E,3E-C6C,www.jct.hk,S1,34,C,"brand per saloni, wholesale e retail",canale pro
7,500582,"K Derma Co., Ltd.",KOREA,Cosmoprof Asia (HKCEC),Hall 3E,3E-Q3C,www.kderma.com,S1,34,C,pro anti-age,canale pro
7,499699,Kelly Oriental Skinlab Pte Ltd,SINGAPORE,Cosmoprof Asia (HKCEC),Hall 1E,1E-Q4F,www.kellyoriental.com,S1,34,C,beauty & wellness da canale estetico,canale pro
7,505445,Maystar Group,SPAIN,Cosmoprof Asia (HKCEC),Hall 3E,3E-F1F,http://www.maystar.es,S1,34,C,gruppo pro 60 paesi,canale pro
7,509944,MH Company Korea,KOREA,Cosmoprof Asia (HKCEC),Hall 1E,1E-G6G,www.mhcompanykorea.com,S1,34,C,15 anni business globale,canale pro/medical
7,499949,"Mindfitness Co., Ltd",JAPAN,Cosmoprof Asia (HKCEC),Hall 3E,3E-J5B,https://mindf.jp/,S1,34,C,wellness,"mix device, canale pro"
7,508151,"MLM Medicare & Beauty Co., Ltd","Hong Kong,S.A.R.,China",Cosmoprof Asia (HKCEC),Hall 3E,3E-D6G,http://mlmmedicareandbeauty.com,S1,34,C,pro,canale pro
7,506326,necco Inc.,JAPAN,Cosmoprof Asia (HKCEC),Hall 1E,1E-B6H,https://lit.link/necco,S1,34,C,brand nato da salone specializzato,"canale pro, dominio da trovare"
7,499893,Niksun Beauty Company Limited,"Hong Kong,S.A.R.,China",Cosmoprof Asia (HKCEC),Hall 1E,1E-A3A,http://www.niksun-beauty.com,S1,34,C,pro cosmeceutica,canale pro
7,501019,Ocean Medical Group Limited,"Hong Kong,S.A.R.,China",Cosmoprof Asia (HKCEC),Hall 3E,3E-C4A,http://www.oceanmedical.com.hk,S1,34,C,co-sviluppo con fabbrica coreana,"compra produzione esterna, canale pro"
7,500212,Pak Shing Enterprise Limited,"Hong Kong,S.A.R.,China",Cosmoprof Asia (HKCEC),Hall 3E,3E-B7B,https://patra.hk/,S1,34,C,gruppo skincare HK,canale pro
7,500004,Perfect Creation Limited,"Hong Kong,S.A.R.,China",Cosmoprof Asia (HKCEC),Hall 3E,3E-D7D,http://www.elemont-skincare.com,S1,34,C,trading + brand dal 2006,canale pro
7,505402,"Pro Labo Holdings Co., Ltd.",JAPAN,Cosmoprof Asia (HKCEC),Hall 1E,1E-Q1B,www.esthepro-labo.com,S1,34,C,integratori per canale pro,core integratori
7,500458,Saiseico Limited,"Hong Kong,S.A.R.,China",Cosmoprof Asia (HKCEC),Hall 3E,3E-C7B,www.saiseico.com,S1,34,C,linee sviluppate in Giappone e prodotte da partner GMP,"compra produzione esterna, canale pro"
7,500431,STP Mineral Therapy Limited,"Hong Kong,S.A.R.,China",Cosmoprof Asia (HKCEC),Hall 3E,3E-E6C,http://www.stp-mineral.com,S1,34,C,"pioniere mineral makeup, pro","mix makeup, canale pro"
7,508906,"The EL Group Co., Ltd.",KOREA,Cosmoprof Asia (HKCEC),Hall 1E,1E-E3A,https://theelstore.com/,S1,34,C,17 anni di spa coreana,mix inner beauty/aroma
7,500404,ALTA CARE LABORATOIRES LTD,ITALY,Cosmoprof Asia (HKCEC),Hall 1E,1E-J1A,www.dermastir.com,S1,33,C,"16 brand, farmacie in 27 paesi","brand italiano multi-marca, verificare produzione e fatturato | declassata B→C: 1 dipendenti su Apollo, nessun fatturato"
7,511393,Bio-Vera Lab Company Limited,THAILAND,Cosmoprof Asia (HKCEC),,TBC,http://www.oneandallthailand.com,S1,33,C,"active lifestyle, nato a bordo piscina","sun care bonus, taglia da verificare | declassata B→C: 2 dipendenti su Apollo, nessun fatturato"
7,500229,Erba Migina HK Limited,"Hong Kong,S.A.R.,China",Cosmoprof Asia (HKCEC),Hall 1E,1E-H4A,www.erbamigina.com,S1,33,C,"brand italiano science-led, homecare professionale","brand italiano science-led; verificare produttore attuale | declassata B→C: 1 dipendenti su Apollo, nessun fatturato"
7,499663,"Kiss of Beauty Co., Ltd.",THAILAND,Cosmoprof Asia (HKCEC),Hall 1E,1E-G1F,http://www.malissakiss.com,S1,33,C,omnicanale Thailandia e Vietnam,"B2C in crescita, posizionamento da verificare | declassata B→C: 0 dipendenti su Apollo, nessun fatturato"
7,508134,Rare Paris,FRANCE,Cosmoprof Asia (HKCEC),Hall 1E,1E-F2B,https://rare-paris.com/,S1,33,C,4 linee a beneficio mirato,"B2C core, posizionamento da verificare | declassata B→C: 3 dipendenti su Apollo, nessun fatturato"
7,512601,"ChromaX Co., Ltd",KOREA,Cosmoprof Asia (HKCEC),Hall 1E,1E-E7B,,S1,33,C,Brand proprio con identita definita; possibile buyer conto terzi.,"[Non verificato]: categoria specifica, produzione e taglia non verificabili dal sito."
7,499899,"Guangzhou HOSOER Biotechnology Co., Ltd.",CHINA,Cosmoprof Asia (HKCEC),Hall 1E,1E-F6H,,S1,32,C,"Categoria fiera 'Perfumery, cosmetics and toiletries' compatibile con brand skin/hair.","[Non verificato]: nessuna fonte trovata su prodotti, brand o modello di business dopo 2 ricerche."
7,511907,"INKOA CO.,LTD.",KOREA,Cosmoprof Asia (HKCEC),Hall 5G,5G-G1D,,S1,32,C,,"[Non verificato]: solo profilo Tradekorea e account social trovati, nessun catalogo prodotti o sito verificabile."
7,500126,"JAPAN BANSHO Co., Ltd",JAPAN,Cosmoprof Asia (HKCEC),Hall 1E,1E-T3B,,S1,32,C,,[Non verificato]: nessuna fonte specifica trovata dopo 2 ricerche.
7,511382,K.P. Exclusive Group (Thailand) Company,THAILAND,Cosmoprof Asia (HKCEC),,TBC,,S1,32,C,,"[Non verificato]: solo registri camerali thailandesi trovati, nessuna informazione su prodotti o brand."
7,511395,"Nualanong Herbs Co., Ltd.",THAILAND,Cosmoprof Asia (HKCEC),,TBC,,S1,32,C,[Speculazione] Nome 'Herbs' suggerisce brand cosmetico a base di erbe thailandesi.,[Non verificato]: nessuna fonte trovata dopo le ricerche disponibili (budget di ricerca web esaurito su questo lotto).
7,500277,Piel Co LLC,USA,Cosmoprof Asia (HKCEC),Hall 1E,1E-J3D,,S1,32,C,"[Speculazione] Nome 'Piel' (pelle, spagnolo) suggerisce brand skincare.",[Non verificato]: nessuna fonte trovata dopo le ricerche disponibili (budget di ricerca web esaurito su questo lotto).
8,499535,Follizin Research Inc.,USA,Cosmoprof Asia (HKCEC),Hall 3G,3G-G3A,https://www.follizin.com/,S1,31,C,made in USA dal 2006,"haircare tecnico, canale pro | declassata B→C: 0 dipendenti su Apollo, nessun fatturato"
8,500027,Troiareuke,KOREA,Cosmoprof Asia (HKCEC),Hall 3E,3E-J4A,www.troiareuke.com,S1,31,C,"brand pro dal 2010, 40 anni di know-how","brand affermato, canale pro | declassata B→C: 4 dipendenti su Apollo, nessun fatturato"
8,505418,Beaute Mediterranea / DSD de Luxe,SPAIN,Cosmoprof Asia (HKCEC),Hall 1E,1E-D3D,www.beautemediterranea.com,S1,30,C,"Posizionamento biotech premium su skin e hair, export attivo in Asia.","Laboratorio proprio in Spagna: probabile produttore dei propri brand, quindi non acquirente di conto terzi."
8,500063,Iunique Living Cosmetics Pty Ltd,AUSTRALIA,Cosmoprof Asia (HKCEC),Hall 1E,1E-H1F,www.iunique.com.au,S2-D,30,C,Distributore australiano di dermocosmetica premium made in Italy/Svizzera: conosce già il valore del made in Italy.,"Monomandatario Labo, nessun private label né fornitura a catene provata; ruolo di retailer online più che distributore."
8,506349,"amiaz Co.,Ltd.",JAPAN,Cosmoprof Asia (HKCEC),Hall 1E,1E-B6L,,S1,30,C,Prodotto a marchio proprio in vendita su canale retail giapponese (JAL Shopping).,"Dati minimi: taglia, produzione e posizionamento non verificabili."
8,511090,"Giant Korea Co., Ltd.",KOREA,Cosmoprof Asia (HKCEC),Hall 1E,1E-E2F,,S2-D,30,C,Possibile distributore/incubatore di brand coreani con presenza fieristica B2C.,[Non verificato]: canale reale (retail/farmacia APAC vs trading) non confermato.
8,509433,GOLDENTOAD,KOREA,Cosmoprof Asia (HKCEC),Hall 3E,3E-M1A,,S2-D,30,C,Distributore B2B attivo con sito e canale export dichiarato.,[Non verificato]: focus su canale medical-aesthetics/professionale piu che retail o farmacia.
8,508123,"Hangzhou Jiuli Brand Management Co., Ltd.",CHINA,Cosmoprof Asia (HKCEC),Hall 1E,1E-Q6C,,S1,30,C,,"[Non verificato]: nessuna fonte diretta trovata; nome suggerisce agenzia di brand management, non un singolo brand proprietario verificabile."
8,511374,"Laorganic Co., Ltd.",KOREA,Cosmoprof Asia (HKCEC),Hall 1E,1E-E4J,,S1,30,C,Nome suggerisce posizionamento organic [Speculazione].,"[Non verificato]: solo directory FOB Shanghai trovata, nessun sito o catalogo prodotti verificabile."
8,511588,"magicnumber Co., Ltd.",JAPAN,Cosmoprof Asia (HKCEC),Hall 1E,1E-T2A,,S1,30,C,,[Non verificato]: nessuna fonte trovata dopo le ricerche disponibili (budget di ricerca web esaurito su questo lotto).
8,511585,"MD, Ltd.",JAPAN,Cosmoprof Asia (HKCEC),Hall 1E,1E-T2C,,S1,30,C,,[Non verificato]: nessuna fonte trovata dopo le ricerche disponibili (budget di ricerca web esaurito su questo lotto).
8,501580,MIBA,KOREA,Cosmoprof Asia (HKCEC),Hall 1E,1E-R3D,,S1,30,C,,[Non verificato]: nessuna fonte trovata dopo le ricerche disponibili (budget di ricerca web esaurito su questo lotto).
8,504425,"Mingxin Cosmetics Products Co., Limited","Hong Kong,S.A.R.,China",Cosmoprof Asia (HKCEC),Hall 5G,5G-K1F,,S1,30,C,,[Non verificato]: nessuna fonte trovata dopo le ricerche disponibili (budget di ricerca web esaurito su questo lotto).
8,511390,Nasaema Industry Company Limited,THAILAND,Cosmoprof Asia (HKCEC),,TBC,,S1,30,C,,[Non verificato]: nessuna fonte trovata dopo le ricerche disponibili (budget di ricerca web esaurito su questo lotto).
8,501426,"NICEDAY365 CO.,LTD.",KOREA,Cosmoprof Asia (HKCEC),Hall 1E,1E-T4C,,S1,30,C,,[Non verificato]: nessuna fonte trovata dopo le ricerche disponibili (budget di ricerca web esaurito su questo lotto).
8,510917,"Nihon Inemoto Co., Ltd.",JAPAN,Cosmoprof Asia (HKCEC),Hall 1E,1E-C6B,,S1,30,C,,[Non verificato]: nessuna fonte trovata dopo le ricerche disponibili (budget di ricerca web esaurito su questo lotto).
8,512605,NizNoT,KOREA,Cosmoprof Asia (HKCEC),Hall 1E,1E-E7D,,S1,30,C,,[Non verificato]: nessuna fonte trovata dopo le ricerche disponibili (budget di ricerca web esaurito su questo lotto).
8,511091,"OAVO/Channel SWAN co., Ltd",KOREA,Cosmoprof Asia (HKCEC),Hall 1E,1E-E3E,,S1,30,C,,[Non verificato]: nessuna fonte trovata dopo le ricerche disponibili (budget di ricerca web esaurito su questo lotto).
8,509432,ODEAR,KOREA,Cosmoprof Asia (HKCEC),Hall 1E,1E-L6D,,S1,30,C,,[Non verificato]: nessuna fonte trovata dopo le ricerche disponibili (budget di ricerca web esaurito su questo lotto).
8,501051,Onshindo Biotechnology S.L.,SPAIN,Cosmoprof Asia (HKCEC),Hall 1E,1E-L4E,,S1,30,C,,[Non verificato]: nessuna fonte trovata dopo le ricerche disponibili (budget di ricerca web esaurito su questo lotto).
8,509401,Over The Wenzday,KOREA,Cosmoprof Asia (HKCEC),Hall 1E,1E-M6G,,S1,30,C,,[Non verificato]: nessuna fonte trovata dopo le ricerche disponibili (budget di ricerca web esaurito su questo lotto).
8,511088,OVERLAPS,KOREA,Cosmoprof Asia (HKCEC),Hall 1E,1E-R5B,,S1,30,C,,[Non verificato]: nessuna fonte trovata dopo le ricerche disponibili (budget di ricerca web esaurito su questo lotto).
8,511373,"P.O.CARE (Thailand) Co., Ltd.",THAILAND,Cosmoprof Asia (HKCEC),,TBC,,S1,30,C,,[Non verificato]: nessuna fonte trovata dopo le ricerche disponibili (budget di ricerca web esaurito su questo lotto).
8,506350,"P.S. International Co., Ltd.",JAPAN,Cosmoprof Asia (HKCEC),Hall 1E,1E-B6J,https://www.ps-intl.co.jp/,S1,30,C,,[Non verificato]: sito ps-intl.co.jp non raggiungibile in questa sessione; nessun'altra fonte trovata.
8,508910,"Platinumbridge Co., Ltd.",KOREA,Cosmoprof Asia (HKCEC),Hall 1E,1E-E1K,,S1,30,C,,[Non verificato]: nessuna fonte trovata dopo le ricerche disponibili (budget di ricerca web esaurito su questo lotto).
8,512612,"Pure Enterprise Co., Ltd.",KOREA,Cosmoprof Asia (HKCEC),Hall 1E,1E-E6K,,S1,30,C,,[Non verificato]: nessuna fonte trovata dopo le ricerche disponibili (budget di ricerca web esaurito su questo lotto).
8,512622,"RANK UP CO., LTD.",JAPAN,Cosmoprof Asia (HKCEC),Hall 1E,1E-T2D,,S1,30,C,,[Non verificato]: nessuna fonte trovata dopo le ricerche disponibili (budget di ricerca web esaurito su questo lotto).
8,505417,Herbal Hispania S.L.,SPAIN,Cosmoprof Asia (HKCEC),Hall 1E,1E-C4E,www.herbal.es,nessuno,28,escluso,Brand owner puro: ha smantellato la produzione nel 1992 e fa produrre a terzi; categoria haircare core e presenza in Asia.,"Fatturato con fonte 2,5 M€ e 4 dipendenti: sotto la soglia di 5 M€ della rubrica. Dato di bilancio però vecchio (2021-22), da ricontrollare."
8,500512,Farmeco Dermocosmetics S.A.,GREECE,Cosmoprof Asia (HKCEC),Hall 1E,1E-C2B,,nessuno,25,escluso,"Dermocosmetica scientifica che esporta in 88 paesi, con storia di successo in Asia.","Produce in proprio dal 1981, con R&D interno. Molto trucco correttivo (Covermark). Taglia probabilmente elevata."
8,500493,Dr Select Limited,JAPAN,Cosmoprof Asia (HKCEC),Hall 1E,1E-B3D,http://www.drsele.co.jp/,nessuno,20,escluso,Grande rete saloni APAC.,"Integratori come core, offre OEM (concorrente), device, holding di gruppo: escluso da rubrica."
8,500184,PIBU NONGBU,KOREA,Cosmoprof Asia (HKCEC),Hall 5G,5G-H2B,www.skinfarmerbeauty.co.kr,nessuno,20,escluso,Brand skincare/sun ingredient-led su categorie core.,Offre OEM/ODM e private label a terzi: concorrente di Verel.
8,505403,I Belli Capelli,BRAZIL,Cosmoprof Asia (HKCEC),Hall 3G,3G-K1A2,,nessuno,20,escluso,Haircare attivo in molti paesi con rete di distributori.,"Ha fabbrica e R&D propri in Brasile, e offre anche sviluppo prodotti per terzi, quindi è un potenziale concorrente."
8,500078,Permamed AG,SWITZERLAND,Cosmoprof Asia (HKCEC),Hall 1E,1E-N3A9,www.lubexantiage.com,nessuno,15,escluso,"Dermocosmetica indipendente premium, a conduzione familiare.",Stabilimento e sviluppo galenico propri in Svizzera: esclusione per produzione propria consolidata.
8,499429,J.A. Cosmehealth,SINGAPORE,Cosmoprof Asia (HKCEC),Hall 1E,1E-Q5C,,nessuno,15,escluso,Nessun motivo rilevante.,"Core su ciglia (escluso) e micro-rivenditore online, non rifornisce catene retail."
8,511367,"Tropicana Oil Co., Ltd.",THAILAND,Cosmoprof Asia (HKCEC),,TBC,,nessuno,15,escluso,Categorie hair/skin/oral e export APAC.,"Fabbrica GMP propria e filiera integrata del cocco: produzione propria consolidata, esclusa."
8,509937,"Wederm Co., Ltd.",KOREA,Cosmoprof Asia (HKCEC),Hall 1E,1E-E5G,,nessuno,15,escluso,Esporta molto (107 paesi dichiarati) e ha una linea cosmetica aftercare.,"Il core è tossina botulinica/filler/skin booster, cioè medical: esclusione da rubrica. È anche distributore. Non è un brand skincare B2C."
