tier_verel,azienda,paese,hall,stand,sito,score_originale,priorita_originale,perche_incontrarli,da_verificare
1,Moim Global Sdn Bhd,MALAYSIA,Hall 1E,1E-U1F,bettura.co,84,A,Produce già in Italia con botanici e claim clinico: pitch di switch/second source,"Micro-brand monoprodotto: incontro breve, valore basso nel breve"
1,Aesthetics Skincare Pty Ltd,AUSTRALIA,Hall 5G,5G-K3M,https://www.aestheticsrx.com.au/,82,A,"Indipendente dal 2014, biotech/ingredient-led, apertura UK: gemello del cliente ideale",Taglia ignota; ha già un terzista australiano
1,AXXZIA Inc.,JAPAN,Hall 1E,1E-C2A,http://axxzia.co.jp/,76,A,"Taglia in fascia (~80 M€), premium, multi-brand con lanci frequenti","Quotata in perdita, possibile produzione via Uitt Labs: capire se esternalizza"
1,Dr. med. Christine Schrammek Kosmetik,GERMANY,Hall 1E,1E-M2E,http://www.schrammek.com,72,A,"Familiare, premium clinico, 60+ paesi, nessuna fabbrica dichiarata: il profilo EU più vicino a Miamo",Verificare produzione (Bundesanzeiger) e peso canale pro
1,"FICC Co., Ltd.",KOREA,Hall 1E,1E-E6G,www.arocell.co.kr,72,A,"76 dipendenti, Serie B, nessuna fabbrica, export: taglia probabilmente in fascia",Canale Daiso = rischio mass; puntare a una linea premium/EU
1,Breathe B International,KOREA,Hall 1E,1E-L2A,https://nardcare.co.kr/,71,A,"Unico con taglia documentata (47 M€), indipendente, hair/skin/oral tutte core",Posizionamento lifestyle/profumazione: pitch su attivi botanici per linea premium
1,Kohonjin Republic,KOREA,Hall 1E,1E-N2C,http://www.kohonjinrepublic.com/en/index.html,66,B,"Prestige ingredient-led con solare, già esportato USA/EU, indipendente",23 dipendenti e registrazione come produttore: verificare fabbrica
1,Bella Aurora Labs,SPAIN,Hall 1E,1E-D4C,https://bellaaurora.com/en/?_gl=1*lt10qq*_gcl_au*MTc1OTY5ODkyMy4xNzg3NzQ4NTI4*_ga*NzMzMTkwNTAyLjE3Nz,62,B,"Skincare+sun ingredient-led, taglia in fascia, export","240 dipendenti e laboratorio storico: probabile produzione interna, incontro solo se esternalizzano linee"
2,"Banobagi Co., Ltd.",KOREA,Hall 1E,1E-A1A,http://en.banobagicosmetic.com,74,A,"Derma skin+sun, 26 paesi, taglia plausibile","Parte di gruppo clinico, ecosistema ODM coreano"
2,Benton Inc.,KOREA,Hall 1E,1E-Z1A,https://www.bentoncosmetic.com,74,A,"Clean skin/sun affermato, struttura snella da outsourcing",Fascia media: costo made in Italy difficile
2,OMEXYA,BULGARIA,Hall 1E,1E-F5A7,www.omexya.com,74,A,"Botanico, export DACH/Cina, produzione non integrata","Taglia ignota, terzisti locali"
2,INOPRO,USA,Hall 1E,1E-J3C,https://inopro.us/,74,A,Oral care in crescita nella GDO USA,Strisce/prezzo: probabile produzione asiatica
2,IUVER,SPAIN,Hall 1E,1E-D3F,,71,A,"Dermocosmetica da farmacia, fondatrici medico/farmacista","Piccolo, core è la clinica"
2,"C&C Co., Ltd",KOREA,Hall 1E,1E-Z6B,http://www.cleancleaner.co.kr,71,A,"Oral care, categoria rara",Nessun dato verificato
2,EVENSWISS Beauty AG,SWITZERLAND,Hall 1E,1E-N3A5,www.evenswiss.com,59,B,"Tech/brevetti, luxury svizzero",Micro (6 dip.)
2,Epigeneva AG,SWITZERLAND,Hall 1E,1E-N3A7,www.epigeneva.com,59,B,Luxury ingredient-led svizzero,Micro (2 dip.)
2,"Karmarts Public Co., Ltd",THAILAND,Hall 1E,1E-G1D,http://www.karmarts.co.th,58,B,"Quotata, multi-brand, taglia in fascia secondo Apollo",Posizionamento mass (Cathy Doll): solo per linea premium
2,"Powerful-X Co., Ltd.",KOREA,Hall 1E,1E-E4A,www.powerfulx.com,58,B,~10 M€/anno stimati da dato autodichiarato,"Body care performance, non core puro"
2,I’ll Global,KOREA,Hall 1E,1E-A2A,http://www.illglobal.com,58,B,"Dermo premium, 23 paesi","Canale clinico, possibile produzione propria"
2,KUORA,SPAIN,Hall 1E,1E-D3C,www.kuora.com,58,B,Clinico ingredient-led indipendente,Lab R&D interno
2,MY.ORGANICS,ITALY,Hall 3G,3G-G3B,www.myorganics.com,56,B,"Brand italiano haircare organico: incontro facile, anche fuori fiera",Canale salone; verificare terzista attuale
2,Erba Migina HK Limited,"Hong Kong,S.A.R.,China",Hall 1E,1E-H4A,www.erbamigina.com,33,C,Brand italiano science-led,Declassato per taglia; verificare produttore
