lotto,exhibitor_id,azienda,paese,evento,hall,stand,sito,segmento,score,priorita,perche_si,perche_no,domain,apollo_trovato,apollo_dipendenti,apollo_fatturato_musd,apollo_fondazione,apollo_note
1,500136,Moim Global Sdn Bhd,MALAYSIA,Cosmoprof Asia (HKCEC),Hall 1E,1E-U1F,bettura.co,S1,84,A,Già produce in Italia con botanici e claim clinico: il modello Verel esatto; target Cina/APAC premium.,"Probabile start-up monoprodotto, taglia molto piccola; ha già un terzista italiano.",bettura.co,False,,,,
1,499761,Aesthetics Skincare Pty Ltd,AUSTRALIA,Cosmoprof Asia (HKCEC),Hall 5G,5G-K3M,https://www.aestheticsrx.com.au/,S1,82,A,"Brand owner indipendente, fondato nel 2014, premium biotech e ingredient-led. Profilo quasi identico a quello del cliente ideale Verel, con apertura verso UK e Singapore.","Taglia ignota, forse piccola. 'Australian-made' fa pensare a un contoterzista locale già in essere. L'Asia oggi pesa poco.",aestheticsrx.com.au,True,5.0,,2016.0,"Australian-made, canale pro post-procedura"
1,512618,Deardot.,KOREA,Cosmoprof Asia (HKCEC),Hall 1E,1E-E7C,,S1,82,A,"Hero ingredient botanico con storytelling scientifico, profilo molto vicino a Verel; piani di espansione in UE.","Formato anidro in fogli idrosolubili: tecnologia di nicchia, forse non producibile da Verel. Taglia probabilmente piccola.",,False,,,,
1,500233,AXXZIA Inc.,JAPAN,Cosmoprof Asia (HKCEC),Hall 1E,1E-C2A,http://axxzia.co.jp/,S1,76,A,"Taglia in fascia (~80 M€), premium, fortemente esposta all'Asia, multi-brand con lanci frequenti.",Quotata e in difficoltà (perdita 2026); possibile produzione interna via Uitt Laboratories; forte identità 'made in Japan'.,axxzia.co.jp,True,13.0,79.2,2011.0,Quotata TYO 4936; headcount -33% in 12 mesi
1,507813,"Banobagi Co., Ltd.",KOREA,Cosmoprof Asia (HKCEC),Hall 1E,1E-A1A,http://en.banobagicosmetic.com,S1,74,A,"Brand owner derma in crescita, 26 paesi, taglia in fascia [Inferenza], skin+sun core, spinta APAC.",Parte di un gruppo clinico; ricavi totali non pubblici; ecosistema OEM coreano già forte.,banobagicosmetic.com,False,,,,
1,509389,Benton Inc.,KOREA,Cosmoprof Asia (HKCEC),Hall 1E,1E-Z1A,https://www.bentoncosmetic.com,S1,74,A,"Brand clean skincare/solari affermato, con export globale e 30 persone: struttura snella, compatibile con l'outsourcing.",Fascia media; forte identità K-beauty; fatturato non pubblico; possibile componente produttiva interna.,bentoncosmetic.com,False,,,,
1,504400,erty.,KOREA,Cosmoprof Asia (HKCEC),Hall 5G,5G-G2C,http://ertykorea.com/,S1,74,A,"Brand owner con produzione esterna. Derma clinico e premium, cioè categoria core.","Microazienda (6 persone, fondata nel 2019), quindi volumi bassi. Export poco documentato.",ertykorea.com,False,,,,
1,509394,FIORESE,KOREA,Cosmoprof Asia (HKCEC),Hall 1E,1E-L6C,https://en.fiorese.co.kr/,S1,74,A,"Skincare derma core con solari, in fase di espansione internazionale attiva.",Brand piccolo (8 referenze); ruolo produttivo di Damoa non chiarito; fascia media; taglia ignota.,fiorese.co.kr,False,,,,
1,500232,INOPRO,USA,Cosmoprof Asia (HKCEC),Hall 1E,1E-J3C,https://inopro.us/,S1,74,A,"Oral care è una categoria core, il brand cresce in fretta nella GDO USA (Kroger, Sprouts) e ha avviato l'export nel 2025.",Fornitore e taglia ignoti. Forte concorrenza sul prezzo delle strisce Amazon. I gusti fanno pensare a produzione asiatica [Speculazione].,inopro.us,True,8.0,,2017.0,"Oral care, ""designed in the U.S."""
1,504428,"JK Cos Co., Ltd.",KOREA,Cosmoprof Asia (HKCEC),Hall 1E,1E-T4A,https://en.ecobecosmetics.com/,S1,74,A,"Brand skincare vegan in crescita export, fiere EU (Bologna) e nuovi distributori: cerca differenziazione.",Ecosistema ODM coreano molto competitivo sul prezzo; produzione e taglia non verificate.,ecobecosmetics.com,False,,,,
1,511905,OMEXYA,BULGARIA,Cosmoprof Asia (HKCEC),Hall 1E,1E-F5A7,www.omexya.com,S1,74,A,"Brand botanico export (DACH, Cina) su skincare core, produzione non integrata dichiarata.","Taglia ignota, fascia prezzo media; in Bulgaria abbondano terzisti locali sulla rosa.",omexya.com,True,14.0,,2022.0,"Marchio OMEYA, Razgrad"
1,504406,SOONNOC,KOREA,Cosmoprof Asia (HKCEC),Hall 3G,3G-K3H,https://vivelab.shop/,S1,74,A,"Haircare core, produzione dichiaratamente affidata a partner, posizionamento botanico/ingredient-led e target Europa-Italia.","Entità legale, fatturato e dipendenti non verificati; possibile micro-azienda [Inferenza].",vivelab.shop,False,,,,
1,504404,"The Skin's Co., Ltd.",KOREA,Cosmoprof Asia (HKCEC),Hall 1E,1E-R5D,https://ndend.co.kr/,S1,74,A,Brand skincare/sun con linee multiple e proiezione estera.,Dati di taglia e produzione assenti; ecosistema ODM coreano competitivo.,ndend.co.kr,False,,,,
1,501592,TMC Korea,KOREA,Cosmoprof Asia (HKCEC),Hall 1E,1E-R4F,www.11huesday.com,S1,74,A,"Derma ingredient-led su categorie core, alla ricerca di export in fiera.","Micro-azienda (ditta individuale), export non provato.",11huesday.com,False,,,,
1,509414,Derma Factory,KOREA,Cosmoprof Asia (HKCEC),Hall 1E,1E-N6A,,S1,74,A,"Brand K-beauty ingredient-led a formula 'attivo singolo', facile da replicare in conto terzi.","Ricerca non conclusa: società madre, taglia e indipendenza da verificare. Posizionamento value.",,False,,,,
1,508895,"From B Lab Co., Ltd.",KOREA,Cosmoprof Asia (HKCEC),Hall 1E,1E-E1J,,S1,74,A,Skincare core con solari e ampia distribuzione export sulle piattaforme K-beauty.,"Fascia di prezzo bassa, poco compatibile con i costi made in Italy. Taglia, proprietà e produzione non verificate.",,False,,,,
1,509938,inyoe,KOREA,Cosmoprof Asia (HKCEC),Hall 1E,1E-E6E,,S1,74,A,"Skincare core, vegan e ingredient-led, già venduta cross-border.","Ragione sociale, taglia e produzione sconosciute; score basato su valori medi 'ignoti'. Il sito ufficiale non è stato trovato.",,False,,,,
1,505416,"KISOCARE.CO.,LTD.",JAPAN,Cosmoprof Asia (HKCEC),Hall 1E,1E-B5D,,S1,74,A,"Skincare core ingredient-led, probabilmente già in outsourcing, forte vendita cross-border.",Modello low price e claim 'made in Japan' poco compatibili con il costo Italia; idrochinone 8% ai limiti del farmaco.,,False,,,,
1,511389,Lalarecipe Inc,KOREA,Cosmoprof Asia (HKCEC),Hall 1E,1E-E2A,,S1,74,A,"Skincare vegan core, già sui retailer cross-border.",Presenza molto ridotta (2 SKU); sito ufficiale e ragione sociale non verificati; probabile micro-brand [Inferenza].,,False,,,,
1,503568,Dr. med. Christine Schrammek Kosmetik,GERMANY,Cosmoprof Asia (HKCEC),Hall 1E,1E-M2E,http://www.schrammek.com,S1,72,A,"Familiare e indipendente, premium clinico, 60+ paesi, nessuna fabbrica dichiarata.",Canale soprattutto professionale; fatturato ignoto; possibile produzione interna non esclusa.,schrammek.com,True,52.0,,1958.0,Familiare; brand derma.cosmetics e GREEN PEEL
1,512597,"FICC Co., Ltd.",KOREA,Cosmoprof Asia (HKCEC),Hall 1E,1E-E6G,www.arocell.co.kr,S1,72,A,"Brand in forte crescita (76 dipendenti), con finanziamento Serie B e senza fabbrica. Già orientato all'export.",Finanziato da fondi VC. Il canale Daiso spinge verso il mass. L'immagine 'staminali' è lontana dal botanico. Fatturato non trovato.,arocell.co.kr,False,,,,
1,508149,Trew Lip Care,FRANCE,Cosmoprof Asia (HKCEC),Hall 1E,1E-F2H,,S1,72,A,L'oral care (dentifricio) è core. Brand clean e vegano con canale all'ingrosso.,"Gamma prevalentemente labbra, cioè categoria mista. Probabile micro-azienda. Formule anidre facili da produrre in proprio [Speculazione].",,False,,,,
1,500912,Breathe B International,KOREA,Cosmoprof Asia (HKCEC),Hall 1E,1E-L2A,https://nardcare.co.kr/,S1,71,A,"Brand owner indipendente, taglia 47 M€ con fonte, categorie core hair/skin/oral; nessuna fabbrica propria dichiarata.",Posizionamento più profumazione/lifestyle che attivi clinici; margini bassi; export e modello produttivo non verificati.,nardcare.co.kr,False,,,,
1,501589,"C&C Co., Ltd",KOREA,Cosmoprof Asia (HKCEC),Hall 1E,1E-Z6B,http://www.cleancleaner.co.kr,S1,71,A,"Oral care core, categoria rara in fiera e coperta da Verel.",Nessun dato verificato: il sito non è raggiungibile e taglia e produzione sono ignote. Canale solo domestico.,cleancleaner.co.kr,False,,,,
1,505439,IUVER,SPAIN,Cosmoprof Asia (HKCEC),Hall 1E,1E-D3F,,S1,71,A,"Dermocosmetica clinica ad alta concentrazione, venduta in farmacia, con fondatrici medico e farmacista: posizionamento affine a Verel.",Il cuore dell'attività è la clinica. Brand con ogni probabilità piccolo [Inferenza]. Export non verificato.,,False,,,,
1,509659,Elroel,KOREA,Cosmoprof Asia (HKCEC),Hall 1E,1E-C1A,www.elroelglobal.com,S1,68,B,"Brand owner in taglia, già presente in Italia e internazionale; sun care come ponte verso skincare.","Gamma trainata da makeup (cushion, stick); skincare secondaria; posizionamento commerciale, non ingredient-led.",elroelglobal.com,False,,,,
1,508141,Rocambole Paris,FRANCE,Cosmoprof Asia (HKCEC),Hall 1E,1E-F3J,,S1,67,B,Brand owner clean e bio con produzione esterna e posizionamento premium.,"Gamma di 4 prodotti, quasi solo corpo e bambini. Micro-brand con volumi bassi, e ha già un produttore francese.",,False,,,,
1,509926,"Colorcode Co., Ltd",KOREA,Cosmoprof Asia (HKCEC),Hall 1E,1E-E6D,www.terrazen.co.kr,S1,66,B,"Derma-skincare con claim clinici, affine al valore della validazione Parma.",Si dichiara produttore su tradekorea: se ha uno stabilimento proprio va esclusa. Taglia ignota.,terrazen.co.kr,False,,,,
1,500832,Human Resource Communications Ltd.,JAPAN,Cosmoprof Asia (HKCEC),Hall 1E,1E-C6A,http://www.augustya.co.jp,S1,66,B,"Brand cleansing noto, venduto anche all'estero su Amazon e YesStyle. Include una piccola linea haircare.","Gruppo ibrido (cosmetici, spa, panetteria). Posizionamento medio, fatturato ignoto, gamma stretta e molto giapponese.",augustya.co.jp,False,,,,
1,500665,Kohonjin Republic,KOREA,Cosmoprof Asia (HKCEC),Hall 1E,1E-N2C,http://www.kohonjinrepublic.com/en/index.html,S1,66,B,"Prestige ingredient-led con prodotto solare, già esportato in USA ed Europa. Azienda piccola e indipendente.",Iscritta come produttore di cosmetici: potrebbe produrre in proprio. Con 23 dipendenti la taglia sembra piccola [Inferenza].,kohonjinrepublic.com,False,,,,
1,500360,M.A. Dermaceuticals,USA,Cosmoprof Asia (HKCEC),Hall 1E,1E-J5C,http://www.mad-skincare.com,S1,66,B,Brand owner clinico con 10 dipendenti: quasi certamente produce esternamente [Inferenza]; skincare+sun core.,Taglia al limite dei 5 M€ (stima); canale professionale; presenza estera non documentata.,mad-skincare.com,True,10.0,7.0,2012.0,"Canale pro (estetiste, medici)"
1,508147,KADALYS,FRANCE,Cosmoprof Asia (HKCEC),Hall 1E,1E-F3G,,S1,65,B,"Brand premium ingredient-led con brevetti propri, fondatrice indipendente, export verso gli USA.","Segnali di micro-azienda (poche persone, dati finanziari assenti); il claim 'Made in France' è centrale e incompatibile con produzione in Italia.",,False,,,,
1,500821,Barrier Glow,KOREA,Cosmoprof Asia (HKCEC),Hall 5G,5G-G1C,www.barrierglow.com,S1,64,B,"Derma skincare+sun, canale clinico, fit con validazione clinica Verel.","Azienda giovane [Inferenza], taglia ed export ignoti; integratori nel mix.",barrierglow.com,False,,,,
1,503575,Zeitschild Skin Aesthetics,GERMANY,Cosmoprof Asia (HKCEC),Hall 1E,1E-M2B,,S1,64,B,"Skincare premium clean/tech, fit perfetto di posizionamento con Verel.","Tecnologia brevettata vincola la produzione; taglia ignota, probabile piccola; export non documentato.",,False,,,,
1,505446,Bella Aurora Labs,SPAIN,Cosmoprof Asia (HKCEC),Hall 1E,1E-D4C,https://bellaaurora.com/en/?_gl=1*lt10qq*_gcl_au*MTc1OTY5ODkyMy4xNzg3NzQ4NTI4*_ga*NzMzMTkwNTAyLjE3Nz,S1,62,B,"Skincare+sun ingredient-led, taglia in fascia, export; categorie perfettamente allineate.",240 dipendenti e storia di laboratorio: probabile produzione interna (concorrente/non cliente); fatturato solo stimato.,bellaaurora.com,True,240.0,46.0,,Anche Lullage e Fixonia; headcount -21% in 24 mesi
1,508130,Gaspard Cottance Paris,FRANCE,Cosmoprof Asia (HKCEC),Hall 1E,1E-F3H1,https://gaspardcottance.com/,S1,62,B,"Brand luxury ingredient-led che fa produrre a terzi, compatibile con un terzista premium.","Micro-struttura (0 dipendenti, capitale 10 k€); probabilmente sotto 5 M€; claim di produzione francese e bretone.",gaspardcottance.com,False,,,,
1,499448,Hoi Wan Trading Company Limited,"Hong Kong,S.A.R.,China",Cosmoprof Asia (HKCEC),Hall 3E,3E-B5B,https://www.cristaderm-skincare.com/,S1,62,B,"Skincare ingredient-led con tecnologia esosomi, fit tecnico con attivi botanici Verel.","Proprietà del brand opaca, segnali di micro-azienda (solo Shopify HK), canale salone; possibile solo distributore.",cristaderm-skincare.com,False,,,,
1,500971,Beaumonde Global Limited,"Hong Kong,S.A.R.,China",Cosmoprof Asia (HKCEC),Hall 3E,3E-C5C,http://www.skinneed.com,S1,61,B,"Posizionamento clean e personalizzato, premium e ingredient-led.","Un solo negozio a Hong Kong, con servizi facciali. Confeziona in proprio. Nessun export visibile. Taglia piccola [Inferenza].",skinneed.com,False,,,,
1,508894,"SELFYCOSLAB Co., Ltd.",KOREA,Cosmoprof Asia (HKCEC),Hall 1E,1E-E3C,https://selfycoslab.com/,S1,61,B,Espone skincare retail e indie; il nome 'lab' suggerisce un'impostazione tecnica.,Nulla di verificato; include il makeup; il nome 'COSLAB' potrebbe indicare un'attività OEM [Speculazione].,selfycoslab.com,False,,,,
1,500438,Revcell,KOREA,Cosmoprof Asia (HKCEC),Hall 1E,1E-P6G,http://revcell.co.kr/,S1,61,B,Skincare lifting con export attivo e ufficio internazionale dedicato.,Mix con i device (esclusi dalla rubrica); cosmetici di fascia media; taglia e produzione ignote.,revcell.co.kr,False,,,,
2,508917,KIKIGLOW,KOREA,Cosmoprof Asia (HKCEC),Hall 1E,1E-E4F,www.kikiglow.com,S1,60,B,"Skincare core vegan con sun care, espansione export attiva e riconoscimenti di prodotto.","Entità legale, taglia e produttore non verificabili; brevetto proprio su idrogel potrebbe indicare filiera produttiva propria [Speculazione].",kikiglow.com,False,,,,
2,499755,Liudo Studio Limited,"Hong Kong,S.A.R.,China",Cosmoprof Asia (HKCEC),Hall 1E,1E-H3B,www.thepreface.hk,S1,60,B,"Profilo pre-classificato: brand indie HK con gamma viso/corpo/capelli, taglia compatibile con conto terzi.",Nessun dato verificabile: probabile micro-azienda solo locale.,thepreface.hk,True,1.0,,,
2,509416,Glamfox,KOREA,Cosmoprof Asia (HKCEC),Hall 1E,1E-N6E,,S1,60,B,Brand skincare con export multi-paese; fondato nel 2002 secondo un rivenditore.,Nessuna fonte primaria; posizionamento economico; possibile marchio da export per trading house [Speculazione].,,False,,,,
2,507810,Bella Aura Skincare,CANADA,Cosmoprof Asia (HKCEC),Hall 1E,1E-L3A2,www.bellaaura.ca,S1,59,B,"skin longevity, biotech + botanici","premium ingredient-led, indipendente | declassata A→B: 2 dipendenti su Apollo, nessun fatturato",bellaaura.ca,True,2.0,,2016.0,Produce con terzisti in Svizzera e Marocco
2,500074,Epigeneva AG,SWITZERLAND,Cosmoprof Asia (HKCEC),Hall 1E,1E-N3A7,www.epigeneva.com,S1,59,B,scienza + natura selvatica,"luxury ingredient-led, indipendente | declassata A→B: 2 dipendenti su Apollo, nessun fatturato",epigeneva.com,True,2.0,,2017.0,Espansione Asia
2,500076,EVENSWISS Beauty AG,SWITZERLAND,Cosmoprof Asia (HKCEC),Hall 1E,1E-N3A5,www.evenswiss.com,S1,59,B,"40 anni di ricerca, 20+ brevetti","tech/ingredient-led | declassata A→B: 6 dipendenti su Apollo, nessun fatturato",evenswiss.com,True,6.0,,2024.0,"Parte di Swiss UT Group, 40 paesi"
2,507814,Luna Nectar,CANADA,Cosmoprof Asia (HKCEC),Hall 1E,1E-L3A4,www.lunanectar.com,S1,59,B,"adattogeni, waterless, sostenibile","haircare ingredient-led, indipendente | declassata A→B: 1 dipendenti su Apollo, nessun fatturato",lunanectar.com,True,1.0,,2017.0,"200-250 punti vendita (Nordstrom, Whole Foods)"
2,499539,MAKEMAKE Inc.,KOREA,Cosmoprof Asia (HKCEC),Hall 1E,1E-R6D,https://sooo.kr,S1,59,B,premium ispirato all'acqua,"haircare/body premium, indipendente | declassata A→B: 1 dipendenti su Apollo, nessun fatturato",sooo.kr,True,1.0,,,Seed 2025 (Blue Point)
2,500412,Nilessences,FRANCE,Cosmoprof Asia (HKCEC),Hall 1E,1E-C3B,www.nilessences.fr,S1,59,B,"high-end francese, scienza anti-aging","premium ingredient-led | declassata A→B: 1 dipendenti su Apollo, nessun fatturato",nilessences.fr,True,1.0,,2016.0,
2,508125,Onerique Skincare,FRANCE,Cosmoprof Asia (HKCEC),Hall 1E,1E-F3B,https://fr.onerique.com/,S1,59,B,"gruppo di brand francesi, clean e sensoriale","premium clean, multi-brand indipendente | declassata A→B: 5 dipendenti su Apollo, nessun fatturato",onerique.com,True,5.0,,2016.0,Supporta produzione francese
2,501097,Singapore Girl Cosmetics Pte. Ltd.,SINGAPORE,Cosmoprof Asia (HKCEC),Hall 1E,1E-Q5E,www.singapore-girl.com,S1,59,B,"Concept originale su skin+hair+sun, piano di linee per nuovi climi: servirà un formulatore.","Formati bustina a prezzo basso, probabile start-up; poco coerente col premium made in Italy.",singapore-girl.com,False,,,,
2,499805,Treeannsea,KOREA,Cosmoprof Asia (HKCEC),Hall 1E,1E-R6C,www.treeannsea.com,S1,59,B,clean premium da ingredienti di ambienti estremi,"profilo clean Miamo-like, indipendente | declassata A→B: 1 dipendenti su Apollo, nessun fatturato",treeannsea.com,True,1.0,,2012.0,
2,500703,asap Skin Products,AUSTRALIA,Cosmoprof Asia (HKCEC),Hall 3E,3E-Q5A,http://www.asapskinproducts.com/,S1,58,B,"cosmeceutico n.1 in Australia (autodichiarato), 25 anni","fit ingredient-led, canale soprattutto professionale",asapskinproducts.com,True,26.0,,1999.0,Familiare; headcount +24% in 12 mesi
2,509436,behanique,KOREA,Cosmoprof Asia (HKCEC),Hall 1E,1E-K6H,www.behanique.com,S1,58,B,skincare e haircare di ispirazione wellness,skin + hair wellness in categorie core; fatturato n.d. [riclassificata],behanique.com,False,,,,
2,500533,Biovene Cosmetics S.L.,SPAIN,Cosmoprof Asia (HKCEC),Hall 1E,1E-L5D,https://www.biovenebarcelona.com/,S1,58,B,"TikTok-driven, patch e skincare","B2C core, trend-driven",biovenebarcelona.com,True,11.0,,,
2,499679,"Crown Craft Commercial Co., Limited","Hong Kong,S.A.R.,China",Cosmoprof Asia (HKCEC),Hall 1E,1E-D6G,http://www.dreamskin.com.hk,S1,58,B,brand proprio 100% made in Korea,brand owner che compra produzione conto terzi; posizionamento mass,dreamskin.com.hk,False,,,,
2,499527,Dr.F5,KOREA,Cosmoprof Asia (HKCEC),Hall 1E,1E-N5C,https://dr-f5.com/,S1,58,B,K-beauty brands,skincare B2C; fatturato n.d. [riclassificata],dr-f5.com,False,,,,
2,499674,Dr.PaceLeader,KOREA,Cosmoprof Asia (HKCEC),Hall 1E,1E-Z5B,http://www.drpaceleader.co.kr,S1,58,B,cosmeceutici dal 2015,cosmeceutici dal 2015; fatturato n.d. [riclassificata],drpaceleader.co.kr,False,,,,
2,501429,"Gibest Co.,Ltd",KOREA,Cosmoprof Asia (HKCEC),Hall 1E,1E-R3A,www.ninetails-cos.co,S1,58,B,cosmetico funzionale R&D,cosmetico funzionale R&D; fatturato n.d. [riclassificata],ninetails-cos.co,False,,,,
2,499913,Glow Mansion,KOREA,Cosmoprof Asia (HKCEC),Hall 3E,3E-Q9A,https://glowmansion.co.kr/,S1,58,B,high-performance K-beauty multi-categoria,high-performance multi-categoria; fatturato n.d. [riclassificata],glowmansion.co.kr,False,,,,
2,509931,HARAMOON,KOREA,Cosmoprof Asia (HKCEC),Hall 1E,1E-G6F,www.haramoon.co.kr,S1,58,B,barrier care pelle sensibile,barrier care coerente; fatturato n.d. [riclassificata],haramoon.co.kr,False,,,,
2,504253,HOMENSALON,KOREA,Cosmoprof Asia (HKCEC),Hall 3G,3G-K3B,leviemer.com,S1,58,B,"sviluppo, branding e export",haircare B2C,leviemer.com,False,,,,
2,501151,I’ll Global,KOREA,Cosmoprof Asia (HKCEC),Hall 1E,1E-A2A,http://www.illglobal.com,S1,58,B,Brand dermo premium con export in 23 paesi e forte presenza APAC; secondo brand DERGENES giovane in sviluppo.,Canale prevalentemente clinico/professionale; possibile produzione propria (classificazione 'produzione'); taglia non documentata.,illglobal.com,False,,,,
2,501047,"Karmarts Public Co., Ltd",THAILAND,Cosmoprof Asia (HKCEC),Hall 1E,1E-G1D,http://www.karmarts.co.th,S1,58,B,"quotata, portafoglio brand FMCG",multi-brand in espansione; verificare taglia (possibile oltre 100 M€) | fatturato in fascia secondo Apollo,karmarts.co.th,True,470.0,109.4,2009.0,Quotata SET; oltre soglia; ha anche manifattura
2,505411,KUORA,SPAIN,Cosmoprof Asia (HKCEC),Hall 1E,1E-D3C,www.kuora.com,S1,58,B,"Brand ingredient-led, clinico/dermatologico, indipendente; potenziale per validazione scientifica e ampliamento gamma.","Ha già un proprio laboratorio R&D interno: produzione propria, non necessariamente esternalizzata [Inferenza].",kuora.com,True,4.0,,,"""Develops, manufactures"": produzione propria"
2,502744,May's Development Limited,"Hong Kong,S.A.R.,China",Cosmoprof Asia (HKCEC),Hall 1E,1E-A3B,http://www.mays.com.hk,S2-D,58,B,distributore con 35 anni di rappresentanza di brand internazionali,"distributore HK con portafoglio skincare/sun/men, possibile private label",mays.com.hk,False,,,,
2,500180,MKA Fumi Pte Ltd,SINGAPORE,Cosmoprof Asia (HKCEC),Hall 1E,1E-Q5F,www.yukazan.com,S2-D,58,B,distribuisce brand internazionali e propri in SEA (parte di MKA Joycare Sdn Bhd),distributore SEA con brand propri: possibile produzione conto terzi,yukazan.com,True,29.0,,2009.0,"MKA Joycare: distributore con brand propri, 4.000 punti vendita MY"
2,509233,Nature Spell (UK),UK,Cosmoprof Asia (HKCEC),Hall 3G,3G-G3C,naturespell.co.uk,S1,58,B,"scalp-first, accessibile","haircare B2C, posizionamento accessibile",naturespell.co.uk,True,35.0,,2009.0,Made in UK; headcount +67% in 12 mesi
2,508897,"Powerful-X Co., Ltd.",KOREA,Cosmoprof Asia (HKCEC),Hall 1E,1E-E4A,www.powerfulx.com,S1,58,B,Recovery Cream 30 M USD cumulati in 3 anni (autodichiarato),body care performance in taglia plausibile,powerfulx.com,False,,,,Match errato su Apollo (azienda USA diversa): dato scartato
2,500146,Sinoz Kozmetik San. Tic. A.S.,TÜRKİYE,Cosmoprof Asia (HKCEC),Hall 1E,1E-F1B,www.sinoz.com.tr/,S1,58,B,"R&D locale, brand globale","B2C core, fuori APAC",sinoz.com.tr,True,82.0,,2008.0,Si descrive come produttore
2,499462,Tweeny Skin,AUSTRALIA,Cosmoprof Asia (HKCEC),Hall 5G,5G-K3D,www.tweenyskin.com,S1,58,B,per 7-15 anni,"nicchia teen, B2C",tweenyskin.com,False,,,,
2,508144,Valcena,FRANCE,Cosmoprof Asia (HKCEC),Hall 1E,1E-F2A,www.valcena.com,S1,58,B,scienza e piacere,mix integratori,valcena.com,True,15.0,,2010.0,Canale spa/istituti
2,508920,VeraCos Inc.,KOREA,Cosmoprof Asia (HKCEC),Hall 1E,1E-E4E,www.rajeunir.co.kr,S1,58,B,"Skincare premium ingredient-led senza fabbrica, con distribuzione internazionale già avviata.",9 dipendenti: fatturato probabilmente <5 M€ [Inferenza]; formule basate su attivi commodity.,rajeunir.co.kr,False,,,,
2,509390,W.SKIN LABORATORY,KOREA,Cosmoprof Asia (HKCEC),Hall 1E,1E-K6J,https://www.w-skinlab.com/,S1,58,B,dermo-cosmetici dal 2012,B2C core multi-categoria,w-skinlab.com,False,,,,
2,505111,Anubis Cosmetics Group,SPAIN,Cosmoprof Asia (HKCEC),Hall 3E,3E-F1A,,S1,58,B,"Brand cosmetica professionale spagnolo con presenza multi-paese (Poland, USA); potenziale per linee custom.","Gruppo consolidato con propria storia produttiva; possibile produzione interna consolidata, minore necessità di conto terzi.",,False,,,,
2,501437,Dr.SANTE,KOREA,Cosmoprof Asia (HKCEC),Hall 1E,1E-R4A,,S1,58,B,"Brand affermato con export multi-paese (Giappone, USA) e posizionamento premium/clinico.",[Inferenza]: taglia e struttura produttiva non verificate; rischio di essere gruppo consolidato.,,False,,,,
2,505432,GORCAM,SPAIN,Cosmoprof Asia (HKCEC),Hall 1E,1E-D4D,www.gorcamexports.com,S2-D,58,B,"Distributore spagnolo (Beauty Cluster) che esporta brand terzi e ha marchio proprio (""Gold Tree""); profilo private label.",Copertura APAC e scala non verificate; principalmente focus export EU/USA.,gorcamexports.com,True,8.0,,,Distributore
2,500284,Sarah K Professional,BRAZIL,Cosmoprof Asia (HKCEC),Hall 3G,3G-H3B,https://sarahk.com.br/,S1,58,B,Haircare core con export multi-paese.,"Canale salone; posizionamento prezzo; core sui trattamenti lisci/keratina, lontano dal botanico clinico; sito irraggiungibile.",sarahk.com.br,True,42.0,,2015.0,Canale salone
2,499807,"ALLPAIR CO., LTD.",JAPAN,Cosmoprof Asia (HKCEC),Hall 1E,1E-B3F,www.allpair-jp.com,S1,56,B,Brand anti-age premium con produzione probabilmente affidata a terzi e ambizioni estere (espone a Hong Kong).,"Fondata ad aprile 2023, mix di cosmetici, integratori e servizi; canale estetico professionale; taglia ignota.",allpair-jp.com,False,,,,
2,505691,"ANJU JAPAN Co., Ltd.",JAPAN,Cosmoprof Asia (HKCEC),Hall 1E,1E-B5L,https://anjujp.co.jp/en/,S1,56,B,Japan Quality per famiglia,"B2C core, posizionamento da verificare",anjujp.co.jp,False,,,,
3,499615,"Guangzhou Intercontinental Compass Technology Co., Ltd.‌",CHINA,Cosmoprof Asia (HKCEC),Hall 1E,1E-F6D,www.ckabeauty.com,S1,56,B,"brand scientifico per pelle grassa, 30 M consumatori (autodichiarato)",brand B2C core; taglia da verificare (possibile sopra soglia),ckabeauty.com,False,,,,
3,499788,MY.ORGANICS,ITALY,Cosmoprof Asia (HKCEC),Hall 3G,3G-G3B,www.myorganics.com,S1,56,B,haircare professionale organico,haircare ingredient-led; verificare produzione,myorganics.com,True,42.0,,2012.0,"4.000 saloni, 23 paesi"
3,511075,"OU International Co., Ltd.",KOREA,Cosmoprof Asia (HKCEC),Hall 1E,1E-M6A,https://onedaysyou.com/,S1,56,B,brand K-beauty in distribuzione globale,B2C core; taglia da verificare,onedaysyou.com,False,,,,
3,500181,Repit,KOREA,Cosmoprof Asia (HKCEC),Hall 3G,3G-G1A,www.repit.co.kr,S1,56,B,brand haircare specializzato,"haircare B2C/salone, taglia da verificare",repit.co.kr,False,,,,
3,501182,Cocco Hair Professional,USA,Cosmoprof Asia (HKCEC),Hall 3G,3G-H2C,http://www.coccohairpro.com,S1,56,B,Brand USA di haircare professionale per saloni; possibile buyer di formulazioni custom.,"Canale salone professionale, non retail B2C diretto; posizionamento e taglia non verificati.",coccohairpro.com,True,16.0,,2017.0,"Attrezzi per barbieri, non cosmetici: fuori target"
3,511385,"VoraBula International Beauty & Spa Co., Ltd",THAILAND,Cosmoprof Asia (HKCEC),,TBC,,S1,56,B,"Brand thailandese spa/organic body care con sito proprio ed export B2B (Freshdi), canale spa/professionale.",,,False,,,,
3,511077,"A-Plus Supply Co., Ltd.",THAILAND,Cosmoprof Asia (HKCEC),,TBC,www.abonnebeauty.com,S1,55,B,Body care + solari con presenza regionale ASEAN.,Mass/economico thailandese: prezzo incompatibile con made in Italy; modello e taglia ignoti.,abonnebeauty.com,False,,,,
3,500804,Fraser Research Labs. Inc.,CANADA,Cosmoprof Asia (HKCEC),Hall 1E,1E-J2B,www.soaddicted.com,S1,55,B,"Brand premium attivo dal 1999, produzione esterna probabile, export multi-paese e interesse Asia.","Core su sieri ciglia/labbra e mascara, non skin/hair core; sede Canada ma produzione USA; taglia ignota.",soaddicted.com,True,1.0,,2013.0,
3,505428,Nuggela & Sule,SPAIN,Cosmoprof Asia (HKCEC),Hall 1E,1E-D4B,,S1,55,B,[Inferenza da conoscenza generale] Nuggela & Sule è un brand spagnolo di haircare (trattamenti/anticaduta) distribuito anche in farmacia/profumeria.,Non è stato possibile confermare con fonti web in questa sessione (budget ricerca esaurito): dato da [Inferenza].,,False,,,,
3,500535,Prohall Professional,BRAZIL,Cosmoprof Asia (HKCEC),Hall 3G,3G-E3B,,S1,55,B,"[Inferenza da conoscenza generale] Prohall è un brand brasiliano di haircare per saloni (trattamenti/cheratina), simile ad altri brand professionali brasiliani.",Non confermato con fonte web in questa sessione (budget ricerca esaurito); canale professionale riduce priorità secondo rubrica.,,False,,,,
3,505449,BRScience,BRAZIL,Cosmoprof Asia (HKCEC),Hall 3G,3G-K1A3,https://brscience.com.br/,S1,54,B,haircare pro ad alte prestazioni per saloni e retailer,"haircare performance, canale pro",brscience.com.br,True,12.0,,,Distributore/grossista
3,500152,Cheery Cosmetic (Group) Limited,"Hong Kong,S.A.R.,China",Cosmoprof Asia (HKCEC),Hall 3E,3E-C7C,http://www.laurene.com.hk,S1,54,B,brand HK prodotto da laboratori francesi,brand owner che già compra conto terzi in Europa; canale pro,laurene.com.hk,False,,,,
3,501005,Wakan,KOREA,Cosmoprof Asia (HKCEC),Hall 3G,3G-J3B,https://www.wakan.co.kr/,S1,54,B,6.500 saloni partner in Corea,"haircare affermato, canale saloni",wakan.co.kr,False,,,,
3,500941,Organica J Ltd,UK,Cosmoprof Asia (HKCEC),Hall 1E,1E-B1D,https://organicaj.co.uk/,S1,54,B,Brand scozzese/UK di skincare organica indipendente; possibile crescita con supporto produttivo esterno.,"Micro-impresa artigianale, produce probabilmente in proprio piccoli lotti; taglia molto ridotta.",organicaj.co.uk,True,2.0,0.3,2000.0,
3,511092,Lindsay & Cos Inc.,KOREA,Cosmoprof Asia (HKCEC),Hall 1E,1E-E4G,https://lindsaycos.com,S1,52,B,"Leader di categoria in Korea (modeling pack), presenza export tramite tradeKorea; potenziale cliente per linee complementari.","Sito tradeKorea suggerisce che l'azienda è anche manifatturiera/esportatrice diretta, non solo brand [Inferenza]; produzione probabilmente interna.",lindsaycos.com,False,,,,
3,511908,Bulgarian Rose PLC,BULGARIA,Cosmoprof Asia (HKCEC),Hall 1E,1E-F5A3,www.bulgarianrose.bg,S1,52,B,"Brand storico bulgaro a base di rosa, export verso UK/EU; potenziale ampliamento gamma skincare.",Possibile produzione interna consolidata (rosa/oli propri); focus naturale/tradizionale non ingredient-tech.,bulgarianrose.bg,True,,1.6,1948.0,
3,499816,Corelix Pty Ltd,AUSTRALIA,Cosmoprof Asia (HKCEC),Hall 1E,1E-H1A2,www.beausta.co.kr,S1,52,B,Brand K-beauty con export multi-paese consolidato su retailer internazionali specializzati.,[Inferenza]: legame societario Corelix-Beausta e produzione (propria o esterna) non confermati.,beausta.co.kr,False,,,,
3,499879,Summit Performance S.L.,SPAIN,Cosmoprof Asia (HKCEC),Hall 1E,1E-F3K,www.usucosmetics.com,S1,51,B,brand spagnolo formulato e prodotto in Corea,"compra già produzione conto terzi; dermo B2C | declassata A→B: 9 dipendenti su Apollo, nessun fatturato",usucosmetics.com,True,9.0,,,
3,499664,Celebon,KOREA,Cosmoprof Asia (HKCEC),Hall 5G,5G-G2A,http://www.celebon.co.kr/,S1,50,B,"Skincare tech/efficacia, maschere, fit di categoria.",Possibile OEM/ODM (concorrente) da verificare; focus domestico; taglia ignota.,celebon.co.kr,False,,,,
3,511383,"Sanchill Baby Co., Ltd.",THAILAND,Cosmoprof Asia (HKCEC),,TBC,https://www.chilldybabe.com,S1,50,B,"Brand skincare bambino ingredient-led (erbe thailandesi + botanici), indipendente, canale distributori locali: profilo compatibile con private label esterna.","Distribuzione ancora prevalentemente domestica (Thailandia) [Inferenza]; taglia non nota, probabile micro/piccola impresa.",chilldybabe.com,True,1.0,,2023.0,
