tier_nuovo,azienda,paese,hall,stand,sito,sito_verificato,ragione_sociale,motivo,fatt_eur_m,anno,fatt_tipo,fatt_fonte,dipendenti,produzione,prod_fonte,proprieta,prezzo_punta,confidenza,score_originale,priorita_originale,note_web,apollo_note,perche_si,perche_no
Tier 1,Breathe B International,KOREA,Hall 1E,1E-L2A,https://nardcare.co.kr/,nardcare.co.kr,(주)브리드비인터내셔널,"50 M€ (2025), 75 dip., produce da terzista (Seoul Cosmetics): cliente CDMO confermato",49.9,2025.0,portale da bilancio,https://www.innoforest.co.kr/company/CP00013004/%EB%B8%8C%EB%A6%AC%EB%93%9C%EB%B9%84%EC%9D%B8%ED%84%B0%EB%82%B4%EC%85%94%EB%84%90,75.0,terzista: 서울화장품 (Seoul Cosmetics),https://nardcare.co.kr/product/%EB%82%98%EB%93%9C-%EC%83%B4%ED%91%B8-500ml-%EB%9D%BC%EB%B2%A4%EB%8D%94%EB%A8%B8%EC%8A%A4%ED%81%AC-%ED%96%A5/609/,indipendente,NARD shampoo 1000ml (prezzo non verificato),media,71,A,"Brand Bouquet Garni + NARD (haircare/body profumati, D2C). 2024: 755억 KRW (-4%). Ricavi ~50 M€: stima 47 M€ confermata. Sede Daegu. Terzista da snippet, non da pagina letta.",,"Brand owner indipendente, taglia 47 M€ con fonte, categorie core hair/skin/oral; nessuna fabbrica propria dichiarata.",Posizionamento più profumazione/lifestyle che attivi clinici; margini bassi; export e modello produttivo non verificati.
Tier 1,Kohonjin Republic,KOREA,Hall 1E,1E-N2C,http://www.kohonjinrepublic.com/en/index.html,kohonjin.com,(주)고혼진리퍼블릭,"47 M€ (2024), 75 dip., premium vero (crema ₩348.000)",47.2,2024.0,portale da bilancio,https://www.catch.co.kr/Comp/CompSummary/HJ8677,75.0,ignoto,,indipendente,Nutrition Cream 50g ₩348.000,media,66,B,"Premium anti-age venduto via telemarketing (TM). 2023: 724,4억 KRW. Sede Daejeon, fondata 2015. Posizionamento alto.",,"Prestige ingredient-led con prodotto solare, già esportato in USA ed Europa. Azienda piccola e indipendente.",Iscritta come produttore di cosmetici: potrebbe produrre in proprio. Con 23 dipendenti la taglia sembra piccola [Inferenza].
Tier 1,Revcell,KOREA,Hall 1E,1E-P6G,http://revcell.co.kr/,revcell.co.kr,"(주)코스모어플러스 (Cosmore Plus Co., Ltd.)","17,5 M€ (2025), 18 dip., produce da terzisti (Jincostek, Helkin Bio); lancio in Giappone",17.5,2025.0,portale da bilancio,https://www.saramin.co.kr/zf_user/company-info/view-inner-finance/csn/WFd3VFgzZ0FaWFZaV2YzTnRmU3ZHQT09/company_nm/(%EC%A3%BC)%EC%BD%94%EC%8A%A4%EB%AA%A8%EC%96%B4%ED%94%8C%EB%9F%AC%EC%8A%A4,18.0,"terzista: 진코스텍 (Jincostek), 헬킨바이오 (Helkin Bio)",snippet ricerca su schede prodotto Revcell (es. https://m.shinsegaetvshopping.com/display/detail/20044033) - non verificato direttamente,indipendente,,media,61,B,"Brand lifting (maschere/ampolle), forte canale TV shopping (Shinsegae). Fondata 2017, Songpa Seoul. Lancio Giappone con partner Enrev. Ricavi 2024 ~24 mld KRW.",,Skincare lifting con export attivo e ufficio internazionale dedicato.,Mix con i device (esclusi dalla rubrica); cosmetici di fascia media; taglia e produzione ignote.
Tier 1,"Banobagi Co., Ltd.",KOREA,Hall 1E,1E-A1A,http://en.banobagicosmetic.com,banobagicosmetic.com (EN: en.banobagicosmetic.com),(주)바노바기,"10 M€ (2023), 31 dip., usa terzisti per le maschere, 26 paesi",10.4,2023.0,portale da bilancio,https://www.saramin.co.kr/zf_user/company-info/view/csn/TXRrWnU0dHJiNXp5VXBrOHFFUDFvQT09/company_nm/(%EC%A3%BC)%EB%B0%94%EB%85%B8%EB%B0%94%EA%B8%B0,31.0,"terzista: 씨앤텍(주) (C&Tech, per le maschere)",https://banobagicosmetic.com/product/%EB%B9%84%ED%83%80-%EC%A0%9C%EB%8B%89-%EC%A0%A4%EB%A6%AC-%EB%A7%88%EC%8A%A4%ED%81%AC-%ED%95%98%EC%9D%B4%EB%93%9C%EB%A0%88%EC%9D%B4%ED%8C%85-10%EB%A7%A4/21/,indipendente (legata a Banobagi clinica chirurgia estetica; fondata 2015),Vita Genic Jelly Mask 10 fogli ₩30.000 (listino sito),media,74,A,"Export in 26 paesi (UK, Spagna, USA, Giappone, SE Asia). Maschere n.1 Olive Young. Attivi 2024 in crescita 38% (JobKorea). Dato 2024 non trovato.",,"Brand owner derma in crescita, 26 paesi, taglia in fascia [Inferenza], skin+sun core, spinta APAC.",Parte di un gruppo clinico; ricavi totali non pubblici; ecosistema OEM coreano già forte.
Tier 1,Dr. med. Christine Schrammek Kosmetik,GERMANY,Hall 1E,1E-M2E,http://www.schrammek.com,schrammek.de,"Dr. med. Christine Schrammek Kosmetik GmbH & Co. KG (HRA 26846, AG Düsseldorf)","52 dip. (Apollo), familiare, premium EU; fatturato e produzione DA CONFERMARE",,,,"https://www.northdata.com/Dr.+med.+Christine+Schrammek+Kosmetik+GmbH+&+Co.+KG,+D%C3%BCsseldorf/HRA+26846",52.0,ignoto,,"indipendente (family business, 60+ anni)",,bassa,72,A,"Northdata/Bundesanzeiger non accessibili (dati solo premium, fetch bloccato). Stime terze parti incoerenti (D&B 25 dip., altri 50-99). Canale professionale estetiste, GREEN PEEL.",Familiare; brand derma.cosmetics e GREEN PEEL,"Familiare e indipendente, premium clinico, 60+ paesi, nessuna fabbrica dichiarata.",Canale soprattutto professionale; fatturato ignoto; possibile produzione interna non esclusa.
Tier 2,AXXZIA Inc.,JAPAN,Hall 1E,1E-C2A,http://axxzia.co.jp/,axxzia.co.jp,"株式会社アクシージア (AXXZIA Inc., TSE Standard 4936)","84 M€ (FY lug-2025, dato di borsa) ma possiede fabbrica Uitt Labs: esternalizza solo in parte",84.2,2025.0,bilancio ufficiale,https://www.beautopia.jp/181959/ ; https://irbank.net/4936/pl,134.0,misto,https://www.nihon-ma.co.jp/news/20220304_4936/ ; https://axxzia.co.jp/rd/,quotata (TSE 4936),,alta,76,A,"FY7/2025 consolidato, +10.6%, utile op. -39%. Controlla dal 4/2022 Uitt (Huit) Laboratories (fabbrica a Hokuto, Yamanashi, anche OEM). Quota prodotta in-house vs OEM non trovata. Forte in Cina.",Quotata TYO 4936; headcount -33% in 12 mesi,"Taglia in fascia (~80 M€), premium, fortemente esposta all'Asia, multi-brand con lanci frequenti.",Quotata e in difficoltà (perdita 2026); possibile produzione interna via Uitt Laboratories; forte identità 'made in Japan'.
Tier 2,Elroel,KOREA,Hall 1E,1E-C1A,www.elroelglobal.com,elroel.com,(주)모노글로트홀딩스,"19 M€ (2024), 23 dip., in perdita, gamma trainata dal makeup",19.3,2024.0,portale da bilancio,https://www.jobkorea.co.kr/company/42521275,23.0,ignoto,,indipendente,,media,68,B,"Brand di make-up artist Yoo Yang-hee; sun cushion n.1 in 5 home shopping, vendite cumulate 700억. 2024 +9% ma perdita netta -39억. Pochi dipendenti: quasi certo terzista.",,"Brand owner in taglia, già presente in Italia e internazionale; sun care come ponte verso skincare.","Gamma trainata da makeup (cushion, stick); skincare secondaria; posizionamento commerciale, non ingredient-led."
Tier 2,Benton Inc.,KOREA,Hall 1E,1E-Z1A,https://www.bentoncosmetic.com,bentoncosmetic.com,주식회사 벤튼,"8,6 M€ (2024), 34 dip., fascia media",8.6,2024.0,portale da bilancio,https://www.jobkorea.co.kr/recruit/co_read/c/bentonkr,34.0,ignoto,,"indipendente (fondata 2016, Seoul, CEO 이장원)",Aloe BHA Skin Toner 200ml ₩17.000,media,74,A,"Clean/vegan beauty, forte export (Snail Bee line). Fatturato 2024 +3% a/a. Prezzo medio-basso.",,"Brand clean skincare/solari affermato, con export globale e 30 persone: struttura snella, compatibile con l'outsourcing.",Fascia media; forte identità K-beauty; fatturato non pubblico; possibile componente produttiva interna.
Tier 2,"OU International Co., Ltd.",KOREA,Hall 1E,1E-M6A,https://onedaysyou.com/,oukorea.com,"(주)오유인터내셔널 (BRN 220-88-97335), Seongdong-gu, Seoul","6,8 M€ (2024), 21 dip., >50% vendite in Giappone",6.83,2024.0,portale da bilancio,https://www.saramin.co.kr/zf_user/company-info/view/csn/Yy9Felp5bThWaWwyczllMy9NOE5Idz09/company_nm/(%EC%A3%BC)%EC%98%A4%EC%9C%A0%EC%9D%B8%ED%84%B0%EB%82%B4%EC%85%94%EB%84%90,21.0,ignoto,,"indipendente (fond. 2015, CEO 고현호)",Help Me Dakto Pad 60 pads/125ml ₩16.900–21.600,media,56,B,"Brand One-day's you. 2021 ricavi ₩11,2 mld; >50% vendite in Giappone (2020); premio export 7M USD. Mall ufficiale oukorea.com (onedaysyou.com non verificato).",,brand K-beauty in distribuzione globale,B2C core; taglia da verificare
Tier 2,I’ll Global,KOREA,Hall 1E,1E-A2A,http://www.illglobal.com,illglobal.com,"(주)아일글로벌 (ILL Global Co., Ltd.)","6,3 M€, 38 dip., canale clinico",6.33,,portale da bilancio,https://m.jobkorea.co.kr/company/43258842/,38.0,ignoto,https://www.gokorea.kr/news/articleView.html?idxno=878064,indipendente,,media,58,B,"Fond. 2004, Seul. Cosmetici per cliniche (brand tHermoceutical) + DERGENES (Musinsa). Dichiara R&D e formulazione in lab proprio, non OEM; stabilimento non verificato. Anno fatturato non indicato.",,Brand dermo premium con export in 23 paesi e forte presenza APAC; secondo brand DERGENES giovane in sviluppo.,Canale prevalentemente clinico/professionale; possibile produzione propria (classificazione 'produzione'); taglia non documentata.
Tier 2,"Powerful-X Co., Ltd.",KOREA,Hall 1E,1E-E4A,www.powerfulx.com,powerfulx.com,(주)파워풀엑스,"5,8 M€ (2025), tutto in OEM, in perdita, delistata da KONEX",5.77,2025.0,portale da bilancio,https://www.saramin.co.kr/zf_user/company-info/view-inner-finance/csn/YlFYYXdtUkR2Qkc3ajJhZ0g3LzcxQT09/company_nm/(%EC%A3%BC)%ED%8C%8C%EC%9B%8C%ED%92%80%EC%97%91%EC%8A%A4,13.0,terzista: non nominato (tutti i prodotti in OEM),https://www.asiae.co.kr/article/2023092418442960341,"indipendente (ex KONEX 266870, delistata 29/12/2025)",Recovery Cream Plus 100ml ₩37.000–69.900 (varia per canale),media,58,B,"Crema sportiva riscaldante 'Park Chan-ho cream'. Canali: autogrill, GDO, golf, online. Ricavi 2024 -13,8%, in perdita. Anche linee sun care, pet, bevande proteiche.",Match errato su Apollo (azienda USA diversa): dato scartato,Recovery Cream 30 M USD cumulati in 3 anni (autodichiarato),body care performance in taglia plausibile
Tier 2,"FICC Co., Ltd.",KOREA,Hall 1E,1E-E6G,www.arocell.co.kr,,,"76 dip. (fonte originale), nessun dato verificato",,,,,,ignoto,,,,bassa,72,A,Non ricercata: budget WebSearch della sessione esaurito e siti coreani bloccati dal proxy.,,"Brand in forte crescita (76 dipendenti), con finanziamento Serie B e senza fabbrica. Già orientato all'export.",Finanziato da fondi VC. Il canale Daiso spinge verso il mass. L'immagine 'staminali' è lontana dal botanico. Fatturato non trovato.
Tier 2,EVENSWISS Beauty AG,SWITZERLAND,Hall 1E,1E-N3A5,www.evenswiss.com,evenswiss.com,Evenswiss Beauty AG (Pfäffikon SZ / Freienbach),"Gruppo Swiss UT, 40 paesi; taglia gruppo da verificare",,,,,6.0,ignoto,https://evenswiss.ch/en/our-laboratory,gruppo Swiss UT (dichiarato),,bassa,59,B,"Dichiara 'developed and produced in Switzerland' (IL-1a, Dermatopoietin); non chiaro se stabilimento proprio. Taglia gruppo non trovata. Moneyhouse: https://www.moneyhouse.ch/en/company/evenswiss-beauty-ag-18538259291","Parte di Swiss UT Group, 40 paesi","40 anni di ricerca, 20+ brevetti","tech/ingredient-led | declassata A→B: 6 dipendenti su Apollo, nessun fatturato"
Tier 2,asap Skin Products,AUSTRALIA,Hall 3E,3E-Q5A,http://www.asapskinproducts.com/,asapskinproducts.com,,"26 dip., familiare, in crescita; fatturato e produzione da verificare",,,,,26.0,ignoto,https://www.asapskinproducts.com/About-Us,"indipendente (fondatori Leanne Stewart, Dr Douglas Grose)",,bassa,58,B,"Dichiara 'Australian made and owned', ma non trovata prova di stabilimento proprio a Coolaroo (sede operativa/magazzino). Cosmeceutico n.1 AU (dichiarato), export NZ.",Familiare; headcount +24% in 12 mesi,"cosmeceutico n.1 in Australia (autodichiarato), 25 anni","fit ingredient-led, canale soprattutto professionale"
Tier 2,MY.ORGANICS,ITALY,Hall 3G,3G-G3B,www.myorganics.com,myorganics.com,,"42 dip., 4.000 saloni, italiana: contatto facile anche in Italia",,,,,42.0,ignoto,,indipendente (fratelli Alessandro e Alberto Lievore),,bassa,56,B,"Ragione sociale non trovata (MY ORGANIC SRL di Fossombrone è altra società, ATECO agrochimico). Fondata 2012, haircare professionale bio, ~50% export (2022, Australia 1° mercato).","4.000 saloni, 23 paesi",haircare professionale organico,haircare ingredient-led; verificare produzione
Non verificato,M.A. Dermaceuticals,USA,Hall 1E,1E-J5C,http://www.mad-skincare.com,mad-skincare.com,"M.A. Dermaceuticals Inc (dba M.A.D Skincare), New Jersey",,6.5,,stima Apollo,,10.0,ignoto,,indipendente,,bassa,66,B,"Fondata 2012, sede NJ (Hackensack/Ramsey). D&B/Buzzfile stimano ricavi <$1M (stima, non verificata). Distribuzione in 15+ paesi.","Canale pro (estetiste, medici)",Brand owner clinico con 10 dipendenti: quasi certamente produce esternamente [Inferenza]; skincare+sun core.,Taglia al limite dei 5 M€ (stima); canale professionale; presenza estera non documentata.
Non verificato,Moim Global Sdn Bhd,MALAYSIA,Hall 1E,1E-U1F,bettura.co,,,,,,,,,ignoto,,,,bassa,84,A,bettura.co non raggiungibile (proxy); nessun risultato web su Bettura/Moim Global; terzista italiano non identificato.,,Già produce in Italia con botanici e claim clinico: il modello Verel esatto; target Cina/APAC premium.,"Probabile start-up monoprodotto, taglia molto piccola; ha già un terzista italiano."
Non verificato,Aesthetics Skincare Pty Ltd,AUSTRALIA,Hall 5G,5G-K3M,https://www.aestheticsrx.com.au/,aestheticsrx.com.au,"Aesthetics Skincare Pty Ltd (sponsor TGA/ARTG, Adelaide SA)",,,,,,5.0,ignoto,https://aestheticsrx.com.au/pages/our-story,indipendente (fondatrice Nicola Kropach),,bassa,82,A,Dichiara 'Australian made and manufactured'; produttore non identificato. Canale cliniche estetiche; sunscreen su ARTG (https://www.tga.gov.au/resources/sponsor/aesthetics-skincare-pty-ltd).,"Australian-made, canale pro post-procedura","Brand owner indipendente, fondato nel 2014, premium biotech e ingredient-led. Profilo quasi identico a quello del cliente ideale Verel, con apertura verso UK e Singapore.","Taglia ignota, forse piccola. 'Australian-made' fa pensare a un contoterzista locale già in essere. L'Asia oggi pesa poco."
Non verificato,Deardot.,KOREA,Hall 1E,1E-E7C,,deardotcosmetic.com,"(주)우리아이들플러스 (Wooriaideul Plus Co., Ltd.)",,,,,,,ignoto,,"indipendente (startup, fondata 2016, Incheon Yeonsu-gu)",PDRN Dangyuja VitaGlow Mask $25 (sito USA); prezzo cleanser sheet non trovato,bassa,82,A,"Brand lanciato 2022; 80 punti vendita in Giappone (LOFT, PLAZA); filiale a Station F Parigi; premio Cosmetic 360 2022. Wanted: <50 dipendenti, fatturato non pubblicato.",,"Hero ingredient botanico con storytelling scientifico, profilo molto vicino a Verel; piani di espansione in UE.","Formato anidro in fogli idrosolubili: tecnologia di nicchia, forse non producibile da Verel. Taglia probabilmente piccola."
Non verificato,FIORESE,KOREA,Hall 1E,1E-L6C,https://en.fiorese.co.kr/,fiorese.co.kr (EN: en.fiorese.co.kr),"주식회사 다모아코스메틱 (Damoa Cosmetic), BRN 767-81-00024",,,,,,,ignoto,,"indipendente (CEO 박종철, Bucheon)",Pure Hydra Water Cream 50ml ₩21.000,bassa,74,A,Ragione sociale dal footer del sito ufficiale. Prezzo medio-basso. Dati finanziari non reperiti (budget ricerche esaurito).,,"Skincare derma core con solari, in fase di espansione internazionale attiva.",Brand piccolo (8 referenze); ruolo produttivo di Damoa non chiarito; fascia media; taglia ignota.
Non verificato,INOPRO,USA,Hall 1E,1E-J3C,https://inopro.us/,,,,,,,,8.0,,,,,bassa,74,A,,"Oral care, ""designed in the U.S.""","Oral care è una categoria core, il brand cresce in fretta nella GDO USA (Kroger, Sprouts) e ha avviato l'export nel 2025.",Fornitore e taglia ignoti. Forte concorrenza sul prezzo delle strisce Amazon. I gusti fanno pensare a produzione asiatica [Speculazione].
Non verificato,"JK Cos Co., Ltd.",KOREA,Hall 1E,1E-T4A,https://en.ecobecosmetics.com/,,,,,,,,,ignoto,,,,bassa,74,A,"Non verificata: 1 sola ricerca prima dell'esaurimento del budget di ricerca; su Saramin compare un (주)제이케이코스엔 (commercio all'ingrosso di cosmetici), corrispondenza non confermata.",,"Brand skincare vegan in crescita export, fiere EU (Bologna) e nuovi distributori: cerca differenziazione.",Ecosistema ODM coreano molto competitivo sul prezzo; produzione e taglia non verificate.
Non verificato,OMEXYA,BULGARIA,Hall 1E,1E-F5A7,www.omexya.com,,,,,,,,14.0,,,,,bassa,74,A,,"Marchio OMEYA, Razgrad","Brand botanico export (DACH, Cina) su skincare core, produzione non integrata dichiarata.","Taglia ignota, fascia prezzo media; in Bulgaria abbondano terzisti locali sulla rosa."
Non verificato,SOONNOC,KOREA,Hall 3G,3G-K3H,https://vivelab.shop/,,,,,,,,,ignoto,,,,bassa,74,A,Non ricercata: budget WebSearch della sessione esaurito e siti coreani bloccati dal proxy.,,"Haircare core, produzione dichiaratamente affidata a partner, posizionamento botanico/ingredient-led e target Europa-Italia.","Entità legale, fatturato e dipendenti non verificati; possibile micro-azienda [Inferenza]."
Non verificato,"The Skin's Co., Ltd.",KOREA,Hall 1E,1E-R5D,https://ndend.co.kr/,,,,,,,,,ignoto,,,,bassa,74,A,Non ricercata: budget WebSearch della sessione esaurito e siti coreani bloccati dal proxy.,,Brand skincare/sun con linee multiple e proiezione estera.,Dati di taglia e produzione assenti; ecosistema ODM coreano competitivo.
Non verificato,TMC Korea,KOREA,Hall 1E,1E-R4F,www.11huesday.com,,,,,,,,,ignoto,,,,bassa,74,A,Non ricercata: budget WebSearch della sessione esaurito e siti coreani bloccati dal proxy.,,"Derma ingredient-led su categorie core, alla ricerca di export in fiera.","Micro-azienda (ditta individuale), export non provato."
Non verificato,"From B Lab Co., Ltd.",KOREA,Hall 1E,1E-E1J,,,,,,,,,,ignoto,,,,bassa,74,A,"Non identificata. Possibile legame con brand B:LAB (b-labskincare.com, cleanser Matcha 120ml ₩12.500) ma non verificato.",,Skincare core con solari e ampia distribuzione export sulle piattaforme K-beauty.,"Fascia di prezzo bassa, poco compatibile con i costi made in Italy. Taglia, proprietà e produzione non verificate."
Non verificato,inyoe,KOREA,Hall 1E,1E-E6E,,inyoe.co.kr,,,,,,,,ignoto,,,,bassa,74,A,"Brand skincare minimalista/derma; sito globale inyoeglobal.com, presente su TradeKorea e YesBee (wholesale): orientato all'export. Probabilmente piccolo.",,"Skincare core, vegan e ingredient-led, già venduta cross-border.","Ragione sociale, taglia e produzione sconosciute; score basato su valori medi 'ignoti'. Il sito ufficiale non è stato trovato."
Non verificato,Lalarecipe Inc,KOREA,Hall 1E,1E-E2A,,lalarecipe.co.kr,라라레서피,,,,,,,ignoto,,indipendente (fondatrice An Bo-rami),,bassa,74,A,"Brand vegan lanciato fine 2019, export dichiarato in ~40-50 paesi incl. Europa. Dipendenti <50 (JobKorea). Duty free Shilla.",,"Skincare vegan core, già sui retailer cross-border.",Presenza molto ridotta (2 SKU); sito ufficiale e ragione sociale non verificati; probabile micro-brand [Inferenza].
Non verificato,Rocambole Paris,FRANCE,Hall 1E,1E-F3J,,rocamboleparis.com,ROCAMBOLE PARIS SASU (SIREN 919429159),,,,,,,ignoto,https://rocamboleparis.com/en/pages/the-brand,indipendente,,bassa,67,B,"Linea bio COSMOS ORGANIC per neonati e bambini, 'made in France', produttore non indicato. SASU con sede in rue Saint-Honoré 253; presidenti Zaiyang Fang poi Yan Zhu. Società recente (2022).",,Brand owner clean e bio con produzione esterna e posizionamento premium.,"Gamma di 4 prodotti, quasi solo corpo e bambini. Micro-brand con volumi bassi, e ha già un produttore francese."
Non verificato,"Colorcode Co., Ltd",KOREA,Hall 1E,1E-E6D,www.terrazen.co.kr,terrazen.co.kr,,,,,,,,ignoto,,,,bassa,66,B,"Brand TERRAZEN (skincare + make-up, es. fondotinta); sito EN en.terrazen.co.kr. Nessun dato finanziario trovato; non confondere con Theragen Etex (pharma).",,"Derma-skincare con claim clinici, affine al valore della validazione Parma.",Si dichiara produttore su tradekorea: se ha uno stabilimento proprio va esclusa. Taglia ignota.
Non verificato,Barrier Glow,KOREA,Hall 5G,5G-G1C,www.barrierglow.com,barrierglow.com,,,,,,,,ignoto,,,,bassa,64,B,"Brand skincare barriera/glow per pelli sensibili (crema lenitiva 80/100ml, ampolla ialuronica 50ml); sito EN en.barrierglow.com. Nessun dato societario.",,"Derma skincare+sun, canale clinico, fit con validazione clinica Verel.","Azienda giovane [Inferenza], taglia ed export ignoti; integratori nel mix."
Non verificato,Zeitschild Skin Aesthetics,GERMANY,Hall 1E,1E-M2B,,zeitschild.de,"ZEITSCHILD Skin Aesthetics GmbH (HRB 86656, AG Köln)",,,,,,,ignoto,https://www.zeitschild.de/de/impressum/,indipendente,,bassa,64,B,"Leichlingen, fondata 2016, amministratore Hermann Mintel. Tecnologia brevettata OLT (senza emulsionanti). L'oggetto sociale include la produzione, ma la produzione in-house non è verificata. Linea Derma Systems.",,"Skincare premium clean/tech, fit perfetto di posizionamento con Verel.","Tecnologia brevettata vincola la produzione; taglia ignota, probabile piccola; export non documentato."
Non verificato,Gaspard Cottance Paris,FRANCE,Hall 1E,1E-F3H1,https://gaspardcottance.com/,,,,,,,,,ignoto,,,,bassa,62,B,Non verificata: budget di ricerche web della sessione esaurito.,,"Brand luxury ingredient-led che fa produrre a terzi, compatibile con un terzista premium.","Micro-struttura (0 dipendenti, capitale 10 k€); probabilmente sotto 5 M€; claim di produzione francese e bretone."
Non verificato,Hoi Wan Trading Company Limited,"Hong Kong,S.A.R.,China",Hall 3E,3E-B5B,https://www.cristaderm-skincare.com/,cristaderm-skincare.com,,,,,,,,ignoto,,ignoto,,bassa,62,B,"Cristaderm presentato come brand coreano (21 esosomi vegetali), identita' creata Seoul/HK 2021, Iron A' Design Award 2025. Nessun legame verificato con Hoi Wan Trading. Sito non raggiungibile.",,"Skincare ingredient-led con tecnologia esosomi, fit tecnico con attivi botanici Verel.","Proprietà del brand opaca, segnali di micro-azienda (solo Shopify HK), canale salone; possibile solo distributore."
Non verificato,"SELFYCOSLAB Co., Ltd.",KOREA,Hall 1E,1E-E3C,https://selfycoslab.com/,selfycoslab.com,(주)셀피코스랩,,,,,,,ignoto,,"indipendente (startup fondata 05/2024 da 안장균, ex fondatore The Face Shop)",,bassa,61,B,"Startup di maggio 2024 (Seoul Nat. Univ. of Science & Tech.), packaging eco + brand well-aging 'conscious beauty'. Quasi certamente sotto €5M. Fonte: plus.hankyung.com/apps/newsinside.view?aid=202412319189d",,Espone skincare retail e indie; il nome 'lab' suggerisce un'impostazione tecnica.,Nulla di verificato; include il makeup; il nome 'COSLAB' potrebbe indicare un'attività OEM [Speculazione].
Non verificato,KIKIGLOW,KOREA,Hall 1E,1E-E4F,www.kikiglow.com,kikiglow.com,"키키글로우 (ditta individuale, BRN 192-01-02890; rappr. 이선영)",,,,,,,ignoto,,indipendente,,bassa,60,B,"Skincare vegan con complesso brevettato; export dichiarato verso 25 paesi (USA, JP, TH, RU - Podrygka ~1000 negozi). BRN individuale (moneypin.biz/bizno/detail/1920102890) = scala piccola.",,"Skincare core vegan con sun care, espansione export attiva e riconoscimenti di prodotto.","Entità legale, taglia e produttore non verificabili; brevetto proprio su idrogel potrebbe indicare filiera produttiva propria [Speculazione]."
Non verificato,Glamfox,KOREA,Hall 1E,1E-N6E,,glamfox.co.kr,,,,,,,,ignoto,,"indipendente (rappr. 최훈학, sede Yeongdeungpo Seoul)",,bassa,60,B,"Skincare funzionale + make-up; dichiara >1M pezzi skincare venduti in DE/EU/USA dal 2020 (glamfox.co.kr/shopinfo/company.html). BRN nei risultati ambiguo (coincide con SSG.com), non usato.",,Brand skincare con export multi-paese; fondato nel 2002 secondo un rivenditore.,Nessuna fonte primaria; posizionamento economico; possibile marchio da export per trading house [Speculazione].
Non verificato,Bella Aura Skincare,CANADA,Hall 1E,1E-L3A2,www.bellaaura.ca,,,,,,,,2.0,,,,,bassa,59,B,,Produce con terzisti in Svizzera e Marocco,"skin longevity, biotech + botanici","premium ingredient-led, indipendente | declassata A→B: 2 dipendenti su Apollo, nessun fatturato"
Non verificato,Epigeneva AG,SWITZERLAND,Hall 1E,1E-N3A7,www.epigeneva.com,epigeneva.com,"Epigeneva AG (Kilchberg ZH, fondata 21/09/2017)",,,,,,2.0,ignoto,https://www.happi.com/exclusives/epigeneva-skincare-puts-time-on-your-side/,indipendente (fondatore Alexandre Rio),,bassa,59,B,'100% originated and crafted in Switzerland' ma lab produttore non nominato nelle fonti trovate. Brand luxury basato su RNA/microRNA.,Espansione Asia,scienza + natura selvatica,"luxury ingredient-led, indipendente | declassata A→B: 2 dipendenti su Apollo, nessun fatturato"
Non verificato,Luna Nectar,CANADA,Hall 1E,1E-L3A4,www.lunanectar.com,,,,,,,,1.0,,,,,bassa,59,B,,"200-250 punti vendita (Nordstrom, Whole Foods)","adattogeni, waterless, sostenibile","haircare ingredient-led, indipendente | declassata A→B: 1 dipendenti su Apollo, nessun fatturato"
Non verificato,MAKEMAKE Inc.,KOREA,Hall 1E,1E-R6D,https://sooo.kr,,,,,,,,1.0,,,,,bassa,59,B,,Seed 2025 (Blue Point),premium ispirato all'acqua,"haircare/body premium, indipendente | declassata A→B: 1 dipendenti su Apollo, nessun fatturato"
Non verificato,Nilessences,FRANCE,Hall 1E,1E-C3B,www.nilessences.fr,,,,,,,,1.0,,,,,bassa,59,B,,,"high-end francese, scienza anti-aging","premium ingredient-led | declassata A→B: 1 dipendenti su Apollo, nessun fatturato"
Non verificato,Onerique Skincare,FRANCE,Hall 1E,1E-F3B,https://fr.onerique.com/,,,,,,,,5.0,,,,,bassa,59,B,,Supporta produzione francese,"gruppo di brand francesi, clean e sensoriale","premium clean, multi-brand indipendente | declassata A→B: 5 dipendenti su Apollo, nessun fatturato"
Non verificato,Treeannsea,KOREA,Hall 1E,1E-R6C,www.treeannsea.com,,,,,,,,1.0,,,,,bassa,59,B,,,clean premium da ingredienti di ambienti estremi,"profilo clean Miamo-like, indipendente | declassata A→B: 1 dipendenti su Apollo, nessun fatturato"
Non verificato,behanique,KOREA,Hall 1E,1E-K6H,www.behanique.com,,,,,,,,,ignoto,,,,bassa,58,B,"Nessun risultato web per behanique/behanique.com: brand non tracciabile, probabilmente molto piccolo o nuovo.",,skincare e haircare di ispirazione wellness,skin + hair wellness in categorie core; fatturato n.d. [riclassificata]
Non verificato,Biovene Cosmetics S.L.,SPAIN,Hall 1E,1E-L5D,https://www.biovenebarcelona.com/,,,,,,,,11.0,,,,,bassa,58,B,,,"TikTok-driven, patch e skincare","B2C core, trend-driven"
Non verificato,"Crown Craft Commercial Co., Limited","Hong Kong,S.A.R.,China",Hall 1E,1E-D6G,http://www.dreamskin.com.hk,dreamskin.com.hk,CROWN CRAFT COMMERCIAL CO. LIMITED 皇冠商業有限公司 (CR 1177883),,,,,,,terzista: Corea (produttore non nominato),https://bbs.fobshanghai.com/company/16i08x73fev1711.html,indipendente,,bassa,58,B,"Brand Dream Skin (cosmeceutico, dal 2011), tutti i prodotti made in Korea. Canali: Watsons HK/CN/TH, Dairy Farm, HKTVmall. Inc. 2007.",,brand proprio 100% made in Korea,brand owner che compra produzione conto terzi; posizionamento mass
Non verificato,Dr.F5,KOREA,Hall 1E,1E-N5C,https://dr-f5.com/,dr-f5.com,(주)오엠에스인터내셔날 (OMS International; rappr. 김정남 da snippet),,,,,"https://www.saramin.co.kr/zf_user/company-info/view/csn/d0t5bC9id1RubTQvREcxNmsvRDVnZz09/company_nm/%EC%98%A4%EC%97%A0%EC%97%90%EC%8A%A4%EC%9D%B8%ED%84%B0%EB%82%B4%EC%85%94%EB%82%A0 (pagina esiste, cifre non visibili)",,ignoto,,"indipendente (PMI, codice attività commercio all'ingrosso)",Peptide & Collagen ampoule shot 15ml (prezzo non rilevato),bassa,58,B,Brand venduto su Musinsa e W Concept; operatore del sito = OMS International (dr-f5.com/member/agreement.html).,,K-beauty brands,skincare B2C; fatturato n.d. [riclassificata]
Non verificato,Dr.PaceLeader,KOREA,Hall 1E,1E-Z5B,http://www.drpaceleader.co.kr,drpaceleader.co.kr,,,,,,,,ignoto,,,,bassa,58,B,"Cosmeceutico professionale per estetiste/saloni (peel, maschere, apparecchi); sito USA drpaceleader.com = presenza export B2B. Canale pro, non retail.",,cosmeceutici dal 2015,cosmeceutici dal 2015; fatturato n.d. [riclassificata]
Non verificato,"Gibest Co.,Ltd",KOREA,Hall 1E,1E-R3A,www.ninetails-cos.co,ninetails-cos.co.kr,"지베스트 (Gibest Co., Ltd.)",,,,,,,ignoto,,indipendente,Exo Nano Intensive Crema (prezzo non rilevato),bassa,58,B,"Brand NINETAILS, posizionamento 'medical cosmetic', su Musinsa; presente a Korea Expo 2026 Paris & Tokyo (en.k-expo.org). Dominio corretto .co.kr.",,cosmetico funzionale R&D,cosmetico funzionale R&D; fatturato n.d. [riclassificata]
Non verificato,Glow Mansion,KOREA,Hall 3E,3E-Q9A,https://glowmansion.co.kr/,glowmansion.co.kr,,,,,,,,ignoto,,"indipendente (brand della make-up artist 선덕, 35 anni carriera)",,bassa,58,B,Brand base/skin-makeup nato da make-up artist; presente su Chicor (Shinsegae). Nessun dato societario reperito.,,high-performance K-beauty multi-categoria,high-performance multi-categoria; fatturato n.d. [riclassificata]
Non verificato,HARAMOON,KOREA,Hall 1E,1E-G6F,www.haramoon.co.kr,haramoon.co.kr,하라문코스메틱,,,,,"https://www.saramin.co.kr/zf_user/company-info/view/csn/aXZ3bkFUZnQwSmVWc01lM2xiRFIyQT09/company_nm/%ED%95%98%EB%9D%BC%EB%AC%B8%EC%BD%94%EC%8A%A4%EB%A9%94%ED%8B%B1 (pagina esiste, cifre non visibili)",,ignoto,,"indipendente (PMI, sede Anyang)",,bassa,58,B,"Skincare premium; CPNP UE e MoCRA USA ottenuti, Dermatest 'excellent'; lancio in Vietnam. Attività registrata come 'fabbricazione cosmetici' ma produzione non verificata.",,barrier care pelle sensibile,barrier care coerente; fatturato n.d. [riclassificata]
Non verificato,HOMENSALON,KOREA,Hall 3G,3G-K3B,leviemer.com,leviemer.com,,,,,,,,ignoto,,,Seed Oil Hair Treatment 300ml (prezzo non rilevato),bassa,58,B,"Brand haircare premium LEVIEMER, nato da linea pro Nanoheel (dal 2009, >20.000 saloni, 33 filiali). Su Musinsa, W Concept, SSF Shop (Samsung C&T).",,"sviluppo, branding e export",haircare B2C
Non verificato,KUORA,SPAIN,Hall 1E,1E-D3C,www.kuora.com,,,,,,,,4.0,,,,,bassa,58,B,,"""Develops, manufactures"": produzione propria","Brand ingredient-led, clinico/dermatologico, indipendente; potenziale per validazione scientifica e ampliamento gamma.","Ha già un proprio laboratorio R&D interno: produzione propria, non necessariamente esternalizzata [Inferenza]."
Non verificato,MKA Fumi Pte Ltd,SINGAPORE,Hall 1E,1E-Q5F,www.yukazan.com,,,,,,,,29.0,,,,,bassa,58,B,,"MKA Joycare: distributore con brand propri, 4.000 punti vendita MY",distribuisce brand internazionali e propri in SEA (parte di MKA Joycare Sdn Bhd),distributore SEA con brand propri: possibile produzione conto terzi
Non verificato,Tweeny Skin,AUSTRALIA,Hall 5G,5G-K3D,www.tweenyskin.com,tweenyskin.com,,,,,,,,terzista: produttori australiani TGA/FDA (non nominati),https://tweenyskin.com/,indipendente (fondatrice Sienna Jovcevski),,bassa,58,B,"Skincare tween/teen alla curcuma, lancio 2021. Stampa: ~A$40k/mese di vendite (mamamia.com.au/tween-skin). Micro-brand.",,per 7-15 anni,"nicchia teen, B2C"
Non verificato,Valcena,FRANCE,Hall 1E,1E-F2A,www.valcena.com,,,,,,,,15.0,,,,,bassa,58,B,,Canale spa/istituti,scienza e piacere,mix integratori
Non verificato,VeraCos Inc.,KOREA,Hall 1E,1E-E4E,www.rajeunir.co.kr,rajeunir.co.kr,"(주)베라코스 (BRN 182-87-02960), Hanam, Gyeonggi",,,,,,,ignoto,,indipendente (CEO 방창석),,bassa,58,B,"Brand Rajeunir (Matrixyl cream 50ml, retinol serum). Azienda di ~2 anni, molto piccola (Saramin la indica come micro/PMI). Sito ufficiale non raggiungibile per verifica etichetta.",,"Skincare premium ingredient-led senza fabbrica, con distribuzione internazionale già avviata.",9 dipendenti: fatturato probabilmente <5 M€ [Inferenza]; formule basate su attivi commodity.
Non verificato,W.SKIN LABORATORY,KOREA,Hall 1E,1E-K6J,https://www.w-skinlab.com/,w-skinlab.com,,,,,,,,ignoto,,,,bassa,58,B,"Brand W.피부연구소, dermocosmetica, venduto su Musinsa. Ragione sociale non verificata (budget ricerche esaurito).",,dermo-cosmetici dal 2012,B2C core multi-categoria
Non verificato,Anubis Cosmetics Group,SPAIN,Hall 3E,3E-F1A,,,,,,,,,,ignoto,,,,bassa,58,B,Non verificata: budget di ricerche web della sessione esaurito.,,"Brand cosmetica professionale spagnolo con presenza multi-paese (Poland, USA); potenziale per linee custom.","Gruppo consolidato con propria storia produttiva; possibile produzione interna consolidata, minore necessità di conto terzi."
Non verificato,Dr.SANTE,KOREA,Hall 1E,1E-R4A,,,,,,,,,,ignoto,,,,bassa,58,B,Non ricercata: budget ricerche della sessione esaurito e siti coreani bloccati dal proxy.,,"Brand affermato con export multi-paese (Giappone, USA) e posizionamento premium/clinico.",[Inferenza]: taglia e struttura produttiva non verificate; rischio di essere gruppo consolidato.
Non verificato,Sarah K Professional,BRAZIL,Hall 3G,3G-H3B,https://sarahk.com.br/,,,,,,,,42.0,,,,,bassa,58,B,,Canale salone,Haircare core con export multi-paese.,"Canale salone; posizionamento prezzo; core sui trattamenti lisci/keratina, lontano dal botanico clinico; sito irraggiungibile."
Non verificato,"ALLPAIR CO., LTD.",JAPAN,Hall 1E,1E-B3F,www.allpair-jp.com,allpair-jp.com,株式会社オールペア,,,,,,,ignoto,,indipendente,CELESTIA THE FIRST SERUM ¥49.500,bassa,56,B,"Ginza, fondata apr 2023, capitale ¥80M. Brand luxury (UV, idratazione, inner care). Posizionamento alto, fase iniziale.",,Brand anti-age premium con produzione probabilmente affidata a terzi e ambizioni estere (espone a Hong Kong).,"Fondata ad aprile 2023, mix di cosmetici, integratori e servizi; canale estetico professionale; taglia ignota."
Non verificato,"ANJU JAPAN Co., Ltd.",JAPAN,Hall 1E,1E-B5L,https://anjujp.co.jp/en/,anjujp.co.jp,株式会社アンジュジャパン,,,,,,36.0,ignoto,,indipendente (rappr. 米山信之),,bassa,56,B,"Tokyo, 2013, capitale ¥5M. Export di cosmetici JP in CN/TW/HK/SEA (Ajuste 7,5M pezzi); brand proprio Beaute Rondo (solari, 2019) in Hands/LOFT/drugstore.",,Japan Quality per famiglia,"B2C core, posizionamento da verificare"
Non verificato,"Guangzhou Intercontinental Compass Technology Co., Ltd.‌",CHINA,Hall 1E,1E-F6D,www.ckabeauty.com,,,,,,,,,ignoto,,"VC (raccolti ~US$15,5M, PitchBook)",,bassa,56,B,"Sito CKA indica come titolare 广州喜咖科技, legame con 'Intercontinental Compass' non verificato. Vendite +100%/anno 2022-23, 90M+ vasetti maschera, testimonial Wang Yibo. Soglia 100M EUR non verificabile.",,"brand scientifico per pelle grassa, 30 M consumatori (autodichiarato)",brand B2C core; taglia da verificare (possibile sopra soglia)
Non verificato,Repit,KOREA,Hall 3G,3G-G1A,www.repit.co.kr,,,,,,,,,ignoto,,,,bassa,56,B,"Diverse imprese omonime 리핏 nei registri (es. Yangju, ricavi 2022 ₩230M) ma nessuna collegata con certezza al brand haircare repit.co.kr.",,brand haircare specializzato,"haircare B2C/salone, taglia da verificare"
Non verificato,Fraser Research Labs. Inc.,CANADA,Hall 1E,1E-J2B,www.soaddicted.com,,,,,,,,1.0,,,,,bassa,55,B,,,"Brand premium attivo dal 1999, produzione esterna probabile, export multi-paese e interesse Asia.","Core su sieri ciglia/labbra e mascara, non skin/hair core; sede Canada ma produzione USA; taglia ignota."
Non verificato,Nuggela & Sule,SPAIN,Hall 1E,1E-D4B,,,,,,,,,,ignoto,,,,bassa,55,B,Non verificata: budget di ricerche web della sessione esaurito.,,[Inferenza da conoscenza generale] Nuggela & Sule è un brand spagnolo di haircare (trattamenti/anticaduta) distribuito anche in farmacia/profumeria.,Non è stato possibile confermare con fonti web in questa sessione (budget ricerca esaurito): dato da [Inferenza].
Non verificato,Prohall Professional,BRAZIL,Hall 3G,3G-E3B,,,,,,,,,,ignoto,,,,bassa,55,B,Non verificata: budget di ricerche web della sessione esaurito.,,"[Inferenza da conoscenza generale] Prohall è un brand brasiliano di haircare per saloni (trattamenti/cheratina), simile ad altri brand professionali brasiliani.",Non confermato con fonte web in questa sessione (budget ricerca esaurito); canale professionale riduce priorità secondo rubrica.
Non verificato,Cheery Cosmetic (Group) Limited,"Hong Kong,S.A.R.,China",Hall 3E,3E-C7C,http://www.laurene.com.hk,laurene.com.hk,菁妍化粧品(集團)有限公司 / CHEERY COSMETIC (GROUP) LIMITED (CR 2047991),,,,,,,ignoto,,indipendente,,bassa,54,B,"Sede Fo Tan (unita' in edificio industriale). Brand Laurene (protezione luce blu); distribuisce anche French Club (prodotto a Lione, FR).",,brand HK prodotto da laboratori francesi,brand owner che già compra conto terzi in Europa; canale pro
Non verificato,Wakan,KOREA,Hall 3G,3G-J3B,https://www.wakan.co.kr/,,,,,,,,,ignoto,,,,bassa,54,B,Non ricercata: budget ricerche della sessione esaurito e siti coreani bloccati dal proxy.,,6.500 saloni partner in Corea,"haircare affermato, canale saloni"
Non verificato,Lindsay & Cos Inc.,KOREA,Hall 1E,1E-E4G,https://lindsaycos.com,,,,,,,,,ignoto,,,,bassa,52,B,Non ricercata: budget ricerche della sessione esaurito e siti coreani bloccati dal proxy.,,"Leader di categoria in Korea (modeling pack), presenza export tramite tradeKorea; potenziale cliente per linee complementari.","Sito tradeKorea suggerisce che l'azienda è anche manifatturiera/esportatrice diretta, non solo brand [Inferenza]; produzione probabilmente interna."
Non verificato,Corelix Pty Ltd,AUSTRALIA,Hall 1E,1E-H1A2,www.beausta.co.kr,,,,,,,,,ignoto,,,,bassa,52,B,Non ricercata: budget ricerche della sessione esaurito e siti coreani bloccati dal proxy.,,Brand K-beauty con export multi-paese consolidato su retailer internazionali specializzati.,[Inferenza]: legame societario Corelix-Beausta e produzione (propria o esterna) non confermati.
Non verificato,Summit Performance S.L.,SPAIN,Hall 1E,1E-F3K,www.usucosmetics.com,,,,,,,,9.0,,,,,bassa,51,B,,,brand spagnolo formulato e prodotto in Corea,"compra già produzione conto terzi; dermo B2C | declassata A→B: 9 dipendenti su Apollo, nessun fatturato"
Non verificato,Celebon,KOREA,Hall 5G,5G-G2A,http://www.celebon.co.kr/,,,,,,,,,ignoto,,,,bassa,50,B,Non ricercata: budget ricerche della sessione esaurito e siti coreani bloccati dal proxy.,,"Skincare tech/efficacia, maschere, fit di categoria.",Possibile OEM/ODM (concorrente) da verificare; focus domestico; taglia ignota.
Non verificato,"Sanchill Baby Co., Ltd.",THAILAND,,TBC,https://www.chilldybabe.com,,,,,,,,1.0,,,,,bassa,50,B,,,"Brand skincare bambino ingredient-led (erbe thailandesi + botanici), indipendente, canale distributori locali: profilo compatibile con private label esterna.","Distribuzione ancora prevalentemente domestica (Thailandia) [Inferenza]; taglia non nota, probabile micro/piccola impresa."
Escluso,"Karmarts Public Co., Ltd",THAILAND,Hall 1E,1E-G1D,http://www.karmarts.co.th,,,"109 M$ oltre soglia, manifattura propria",101.3,,stima Apollo,,470.0,,,,,bassa,58,B,,Quotata SET; oltre soglia; ha anche manifattura,"quotata, portafoglio brand FMCG",multi-brand in espansione; verificare taglia (possibile oltre 100 M€) | fatturato in fascia secondo Apollo
Escluso,Derma Factory,KOREA,Hall 1E,1E-N6A,,,비앤비코리아(주) (brand tramite controllata),"brand di B&B Korea, terzista (gruppo Hite Jinro)",94.1,2024.0,stampa,https://www.newstopkorea.com/news/articleView.html?idxno=29879,,in-house,https://www.edaily.co.kr/News/Read?newsId=01558006638958456&mediaCodeNo=257,"gruppo B&B Korea (ODM, gruppo Hite Jinro via Seoyoung E&T), pre-IPO",,media,74,A,"Fatturato = consolidato del gruppo ODM B&B Korea; Derma Factory ~10% dei ricavi. Prodotto dal proprio ODM: non target. Export ~20 paesi (JP, TW, VN, RU, TR).",,"Brand K-beauty ingredient-led a formula 'attivo singolo', facile da replicare in conto terzi.","Ricerca non conclusa: società madre, taglia e indipendenza da verificare. Posizionamento value."
Escluso,Bella Aurora Labs,SPAIN,Hall 1E,1E-D4C,https://bellaaurora.com/en/?_gl=1*lt10qq*_gcl_au*MTc1OTY5ODkyMy4xNzg3NzQ4NTI4*_ga*NzMzMTkwNTAyLjE3Nz,bellaaurora.com,"Bella Aurora Labs S.A. (CIF A58303462, ex IMC Med Cosmetics)",fabbrica propria dal 2019,44.3,2024.0,portale da bilancio,https://www.einforma.com/informacion-empresa/imc-med-cosmetics ; https://www.iberinform.es/empresa/375004/bella-aurora-labs,214.0,in-house,https://www.alimarket.es/nonfood/noticia/302487/bella-aurora-asume-la-fabricacion-directa-de-sus-marcas ; https://cronicaglobal.elespanol.com/business/20190902/bella-aurora-labs-apuntala-crecimiento-nueva-planta/426207406_0.html,indipendente,,media,62,B,"Fino al 2019 produceva tramite terzisti; poi fabbrica propria 1.000 m2 a Sant Feliu de Llobregat (GMP ISO 22716). Marchi: Bella Aurora, Fixonia, Lullage, Mavala (distrib.). Ventas +8.5%.",Anche Lullage e Fixonia; headcount -21% in 24 mesi,"Skincare+sun ingredient-led, taglia in fascia, export; categorie perfettamente allineate.",240 dipendenti e storia di laboratorio: probabile produzione interna (concorrente/non cliente); fatturato solo stimato.
Escluso,"A-Plus Supply Co., Ltd.",THAILAND,,TBC,www.abonnebeauty.com,abonnebeauty.com,"A-PLUS SUPPLY CO., LTD.","produzione propria, mass",7.7,2022.0,portale da bilancio,https://tracxn.com/d/legal-entities/thailand/a-plus-supply-co.ltd./__C3rYN9dCqzEgnaC1rglvyTgptShER7gzrK67mEKCT0s,,"in-house (dichiarato, GMP/ISO 9001)",https://pmaward.ditp.go.th/winner-directory/a-plus-supply-co-ltd/,indipendente,A Bonne Spa Milk Salt 350g (prezzo non verificato),media,55,B,"Fondata 1999, Bangkok. Brand A Bonne, R&D Care, Aladdin Care; mass market; forte export (Superbrand Filippine). Produzione propria dichiarata.",,Body care + solari con presenza regionale ASEAN.,Mass/economico thailandese: prezzo incompatibile con made in Italy; modello e taglia ignoti.
Escluso,Bulgarian Rose PLC,BULGARIA,Hall 1E,1E-F5A3,www.bulgarianrose.bg,,,"1,6 M€",1.5,,stima Apollo,,,,,,,bassa,52,B,,,"Brand storico bulgaro a base di rosa, export verso UK/EU; potenziale ampliamento gamma skincare.",Possibile produzione interna consolidata (rosa/oli propri); focus naturale/tradizionale non ingredient-tech.
Escluso,erty.,KOREA,Hall 5G,5G-G2C,http://ertykorea.com/,ertykorea.com,(주)에르띠코리아 (ERTY KOREA),"0,7 M€, si dichiara OEM/ODM",0.7,,portale da bilancio,https://www.jobkorea.co.kr/recruit/co_read/c/ertykorea,14.0,ignoto,,"indipendente (fondata 2019, CEO Jae Hoon Choi, Jason Kim)",37 Intensive Cellular ER Cream 45ml ₩78.000,bassa,74,A,"Canale professionale: >60 spa/cliniche, 12 grossisti. Si descrive anche come OEM/ODM. Anno del fatturato non indicato. Sotto soglia €5M.",,"Brand owner con produzione esterna. Derma clinico e premium, cioè categoria core.","Microazienda (6 persone, fondata nel 2019), quindi volumi bassi. Export poco documentato."
Escluso,Organica J Ltd,UK,Hall 1E,1E-B1D,https://organicaj.co.uk/,,,"0,3 M€",0.3,,stima Apollo,,2.0,,,,,bassa,54,B,,,Brand scozzese/UK di skincare organica indipendente; possibile crescita con supporto produttivo esterno.,"Micro-impresa artigianale, produce probabilmente in proprio piccoli lotti; taglia molto ridotta."
Escluso,Trew Lip Care,FRANCE,Hall 1E,1E-F2H,,trew.fr,DEFY-DESIGNFORYOU (SIREN 844162222),"0,25 M€, produce per terzi",0.25,2022.0,stampa,https://www.lejournaldesentreprises.com/article/defy-designforyou-se-recentre-sur-les-baumes-levres-trew-cosmetic-pour-renforcer-lexport-2077132,5.0,in-house,https://www.trew.fr/en,indipendente,,media,72,A,"Tregueux (Bretagna). Produce nel proprio laboratorio e dal 2023 fa conto terzi (Laboratoire Fluid). Obiettivo 2024 €0,8M, 80% da Fluid. Dipendenti 3-5. Troppo piccola e concorrente.",,L'oral care (dentifricio) è core. Brand clean e vegano con canale all'ingrosso.,"Gamma prevalentemente labbra, cioè categoria mista. Probabile micro-azienda. Formule anidre facili da produrre in proprio [Speculazione]."
Escluso,"VoraBula International Beauty & Spa Co., Ltd",THAILAND,,TBC,,vorabula.com,VORABULA INTERNATIONAL BEAUTY & SPA COMPANY LIMITED (0105553042134),"0,1 M€",0.1,2021.0,portale da bilancio,https://companieshouse.co.th/vorabula-international-beauty---spa-company-limited-0105553042134,,ignoto,,indipendente,,media,56,B,"Brand spa bio (Bio-agricert IT), skin/body/hair care e amenity hotel; export in Europa e Asia. Micro-impresa (capitale 3M THB).",,"Brand thailandese spa/organic body care con sito proprio ed export B2B (Freshdi), canale spa/professionale.",
Escluso,"KISOCARE.CO.,LTD.",JAPAN,Hall 1E,1E-B5D,,kisocare.co.jp,株式会社基礎化粧品研究所,"fabbrica GMP propria, fa OEM",,,,https://salesnow.jp/db/companies/jcbpe2xm9k3ubj6d,36.0,in-house,https://corporate.kisocare.co.jp/service/,indipendente,,bassa,74,A,"Fondata 2016, Osaka, capitale ¥30M. Stabilimento proprio a Kishiwada (ISO 22716) e fa anche OEM per terzi. SalesNow stima fatturato ¥1-5 mld (non ufficiale). Concorrente, non cliente.",,"Skincare core ingredient-led, probabilmente già in outsourcing, forte vendita cross-border.",Modello low price e claim 'made in Japan' poco compatibili con il costo Italia; idrochinone 8% ai limiti del farmaco.
Escluso,"C&C Co., Ltd",KOREA,Hall 1E,1E-Z6B,http://www.cleancleaner.co.kr,cleancleaner.co.kr,(주)씨.앤.씨,è un produttore OEM/ODM,,,,,,in-house,https://cleancleaner.co.kr/,indipendente,,bassa,71,A,"Non è un brand owner: è un produttore OEM/ODM di oral care (spazzolini, dentifrici, filo) per grandi brand coreani, fondato 2000. Potenziale concorrente/partner, non cliente.",,"Oral care core, categoria rara in fiera e coperta da Verel.",Nessun dato verificato: il sito non è raggiungibile e taglia e produzione sono ignote. Canale solo domestico.
Escluso,IUVER,SPAIN,Hall 1E,1E-D3F,,iuver.es,IUVER REJUVENATION INSTITUTE S.L. (CIF B42631556),"3 dip., terzista di famiglia",,,,,3.0,terzista: Nirvel S.L. (Alcoy),https://valenciaplaza.com/valenciaplaza/asiesiuverdermocosmeticasostenibleconadnalcoyano,indipendente,,media,71,A,"Fondata dalla Dr.ssa Lorena Vaquer (Alcoy). Vendita in farmacia. Il terzista Nirvel appartiene al padre della fondatrice (Nirvel SL ~€9M nel 2023), quindi è un legame familiare. 3 dipendenti (2024).",,"Dermocosmetica clinica ad alta concentrazione, venduta in farmacia, con fondatrici medico e farmacista: posizionamento affine a Verel.",Il cuore dell'attività è la clinica. Brand con ogni probabilità piccolo [Inferenza]. Export non verificato.
Escluso,Human Resource Communications Ltd.,JAPAN,Hall 1E,1E-C6A,http://www.augustya.co.jp,augustya.co.jp,株式会社ヒューマンリソースコミュニケーションズ,4 dip.,,,,,4.0,ignoto,,indipendente (rappr. 春日郁代),,bassa,66,B,"Kyoto, fondata 2001; brand Lovejeveil, Nursery (cleansing). Dichiara vendite in 15 paesi, filiale a Dubai dal 2015. Micro-impresa (4 dip.), fuori target dimensionale.",,"Brand cleansing noto, venduto anche all'estero su Amazon e YesStyle. Include una piccola linea haircare.","Gruppo ibrido (cosmetici, spa, panetteria). Posizionamento medio, fatturato ignoto, gamma stretta e molto giapponese."
Escluso,KADALYS,FRANCE,Hall 1E,1E-F3G,,kadalys.com,KADALYS SAS (SIREN 848711057),sta costruendo fabbrica propria,,,,,,ignoto,https://forbesafrique.com/shirley-billot-kadalys-introduit-la-banane-au-coeur-du-marche-mondial-des-cosmetiques/,indipendente,,bassa,65,B,"Martinica, fondatrice Shirley Billot (2012). Tre brevetti sugli attivi Musactif. Sta raccogliendo oltre €20M per costruire uno stabilimento proprio ai Caraibi: rischio internalizzazione. Capitale €537.500.",,"Brand premium ingredient-led con brevetti propri, fondatrice indipendente, export verso gli USA.","Segnali di micro-azienda (poche persone, dati finanziari assenti); il claim 'Made in France' è centrale e incompatibile con produzione in Italia."
Escluso,Beaumonde Global Limited,"Hong Kong,S.A.R.,China",Hall 3E,3E-C5C,http://www.skinneed.com,skinneed.com,Beaumonde Global Limited (靚靚國際有限公司),"laboratorio GMP proprio, fa private label",,,,,,in-house,https://hivelife.com/skin-need/,indipendente (fondatrice Christal Leung),100% Hyaluronic Acid + KGF HK$698,bassa,61,B,"Brand Skin Need: laboratorio GMP proprio a HK dal 2018, fa anche private label per cliniche/saloni. Sephora HK, flagship Times Square 2025. Produttore concorrente, non cliente.",,"Posizionamento clean e personalizzato, premium e ingredient-led.","Un solo negozio a Hong Kong, con servizi facciali. Confeziona in proprio. Nessun export visibile. Taglia piccola [Inferenza]."
Escluso,Liudo Studio Limited,"Hong Kong,S.A.R.,China",Hall 1E,1E-H3B,www.thepreface.hk,,,1 dip.,,,,,1.0,,,,,bassa,60,B,,,"Profilo pre-classificato: brand indie HK con gamma viso/corpo/capelli, taglia compatibile con conto terzi.",Nessun dato verificabile: probabile micro-azienda solo locale.
Escluso,Singapore Girl Cosmetics Pte. Ltd.,SINGAPORE,Hall 1E,1E-Q5E,www.singapore-girl.com,singapore-girl.com,Singapore Girl Cosmetics Pte. Ltd.,"start-up, lancio set-2026",,,,,,ignoto,,ignoto,,bassa,59,B,"Startup travel-beauty 'climate-matched' (skincare, solari, haircare), lancio settembre 2026 (openpr.com/news/4630734). Pre-revenue: potenziale cliente CDMO ma dimensione nulla.",,"Concept originale su skin+hair+sun, piano di linee per nuovi climi: servirà un formulatore.","Formati bustina a prezzo basso, probabile start-up; poco coerente col premium made in Italy."
Escluso,May's Development Limited,"Hong Kong,S.A.R.,China",Hall 1E,1E-A3B,http://www.mays.com.hk,mays.com.hk,May's Development Limited,distributore,,,,,,ignoto,,indipendente (azienda familiare),,bassa,58,B,"Distributore/agente di 19 brand internazionali (DE, US, UK, ES, JP, KR): skincare, ciglia, tinte capelli. 30+ anni. Distributore, non brand owner.",,distributore con 35 anni di rappresentanza di brand internazionali,"distributore HK con portafoglio skincare/sun/men, possibile private label"
Escluso,Nature Spell (UK),UK,Hall 3G,3G-G3C,naturespell.co.uk,naturespell.co.uk,"Gold 22 (UK) Limited (Companies House 06835728, Perivale, Greenford)",fabbrica propria a Londra,,,,,35.0,in-house,https://www.business.gov.uk/invest-in-uk/buy-from-the-uk/find-a-supplier/supplier/06835728,indipendente (familiare),,bassa,58,B,"Profilo supplier governo UK: prodotti fatti nella propria 'London factory' (dichiarato). Companies House non accessibile; stime terze $5M/20-37 dip. non verificate. Superdrug, Amazon, export USA/India.",Made in UK; headcount +67% in 12 mesi,"scalp-first, accessibile","haircare B2C, posizionamento accessibile"
Escluso,Sinoz Kozmetik San. Tic. A.S.,TÜRKİYE,Hall 1E,1E-F1B,www.sinoz.com.tr/,,Sinoz Kozmetik Sanayi Ticaret A.Ş.,fabbrica propria dal 2025,27.0,,stampa,https://www.forbes.com.tr/dergi/sinoz-u-1-milyar-tl-ciroya-tasiyan-yasin-corekci-rotayi-ihracata-cevirdi,82.0,misto,https://www.forbes.com.tr/haberler/sinoz-kozmetik-ten-strateji-degisikligi-dijitalden-hibrit-buyume-modeline-gecis ; https://www.capital.com.tr/haberler/tum-haberler/sinozdan-100-milyon-tllik-yatirim,indipendente (fondatore CEO Yasin Çörekci),,media,58,B,"Cresciuta col modello fason (terzisti)+online; ora fabbrica propria Sinop OSB 5.000 m2 (SNZ Chemical, 2025) e riduce dipendenza da terzi. Ciro ~1 mld TL (anno n.d., prob. 2024); export 20%, obiettivo 50%.",Si descrive come produttore,"R&D locale, brand globale","B2C core, fuori APAC"
Escluso,GORCAM,SPAIN,Hall 1E,1E-D4D,www.gorcamexports.com,,,distributore,,,,,8.0,,,,,bassa,58,B,,Distributore,"Distributore spagnolo (Beauty Cluster) che esporta brand terzi e ha marchio proprio (""Gold Tree""); profilo private label.",Copertura APAC e scala non verificate; principalmente focus export EU/USA.
Escluso,Cocco Hair Professional,USA,Hall 3G,3G-H2C,http://www.coccohairpro.com,,,"attrezzi, non cosmetici",,,,,16.0,,,,,bassa,56,B,,"Attrezzi per barbieri, non cosmetici: fuori target",Brand USA di haircare professionale per saloni; possibile buyer di formulazioni custom.,"Canale salone professionale, non retail B2C diretto; posizionamento e taglia non verificati."
Escluso,BRScience,BRAZIL,Hall 3G,3G-K1A3,https://brscience.com.br/,,,distributore,,,,,12.0,,,,,bassa,54,B,,Distributore/grossista,haircare pro ad alte prestazioni per saloni e retailer,"haircare performance, canale pro"
